연번,시도청,경찰서,관서명,구분,전화번호,주소,입력주소,X,Y,CLSS,PNU,주소구분,표준신주소,표준구주소,우편번호,행정동코드,행정동명,법정동코드,법정동명,법정동코드_10자리,시도코드,시군구코드,법정동_코드,시,구,동,지역구별 지구대/파출소 수
1,서울청,서울중부,을지,지구대,02-2279-1908,서울특별시 중구 퇴계로49길 13,서울특별시 중구 퇴계로49길 13,199942.0,451197.0,정좌표,1.1140133001002001e+18,새주소,서울특별시 중구 퇴계로49길 13,서울특별시 중구 충무로5가 20-43,4559.0,1114059000.0,광희동,1114013300.0,충무로5가,1114013300,11,140,13300,서울특별시,중구,충무로5가,14
2,서울청,서울중부,광희,지구대,02-2233-1444,서울특별시 중구  퇴계로 375-1,서울특별시 중구  퇴계로 375-1,201114.0,451442.0,정좌표,1.1140162001025e+18,새주소,서울특별시 중구 퇴계로 375-1,서울특별시 중구 신당동 250-10,4566.0,1114061500.0,신당동,1114016200.0,신당동,1114016200,11,140,16200,서울특별시,중구,신당동,14
3,서울청,서울중부,약수,지구대,02-2234-8112,서울특별시 중구  동호로 5길 15,서울특별시 중구  동호로 5길 15,201024.0,449986.0,정좌표,1.11401620010844e+18,새주소,서울특별시 중구 동호로5길 15,서울특별시 중구 신당동 844-3,4596.0,1114063500.0,약수동,1114016200.0,신당동,1114016200,11,140,16200,서울특별시,중구,신당동,14
5,서울청,서울중부,장충,파출소,02-2274-9003,서울특별시 중구  동호로 261,서울특별시 중구  동호로 261,200355.0,450721.0,정좌표,1.1140144001019601e+18,새주소,서울특별시 중구 동호로 261,서울특별시 중구 장충동2가 196-1,4620.0,1114058000.0,장충동,1114014400.0,장충동2가,1114014400,11,140,14400,서울특별시,중구,장충동2가,14
6,서울청,서울중부,충무,파출소,02-2278-7710,서울특별시 중구  퇴계로 178,서울특별시 중구  퇴계로 178,199186.0,450955.0,정좌표,1.1140137001002001e+18,새주소,서울특별시 중구 퇴계로 178,서울특별시 중구 필동1가 20-5,4627.0,1114057000.0,필동,1114013700.0,필동1가,1114013700,11,140,13700,서울특별시,중구,필동1가,14
7,서울청,서울중부,을지로3가,파출소,02-2266-2404,서울특별시 중구 충무로56-1,서울특별시 중구 충무로56-1,199298.0,451544.0,정좌표,1.1140155001029101e+18,새주소,서울특별시 중구 충무로 56-1,서울특별시 중구 을지로3가 291-50,4549.0,1114060500.0,을지로동,1114015500.0,을지로3가,1114015500,11,140,15500,서울특별시,중구,을지로3가,14
8,서울청,서울종로,종로2가,지구대,02-3701-4301,서울특별시 종로구  종로17길 4 ,서울특별시 종로구  종로17길 4 ,198952.0,452024.0,정좌표,1.11101380010039e+18,새주소,서울특별시 종로구 종로17길 4,서울특별시 종로구 종로2가 39-3,3140.0,1111061500.0,종로1.2.3.4가동,1111013800.0,종로2가,1111013800,11,110,13800,서울특별시,종로구,종로2가,20
9,서울청,서울종로,관수,파출소,02-3701-4302,서울특별시 종로구 삼일대로15길 19 1층(임시파출소),서울특별시 종로구 삼일대로15길 19 1층(임시파출소),198725.0,451824.0,정좌표,1.1110135001001101e+18,새주소,서울특별시 종로구 삼일대로15길 19,서울특별시 종로구 관철동 11-19,3190.0,1111061500.0,종로1.2.3.4가동,1111013500.0,관철동,1111013500,11,110,13500,서울특별시,종로구,관철동,20
10,서울청,서울종로,세검정,파출소,02-3701-4507,서울특별시 종로구  세검정로 226 ,서울특별시 종로구  세검정로 226 ,196261.0,455303.0,정좌표,1.11101850010095e+18,새주소,서울특별시 종로구 세검정로 226,서울특별시 종로구 홍지동 95-1,3017.0,1111055000.0,부암동,1111018500.0,홍지동,1111018500,11,110,18500,서울특별시,종로구,홍지동,20
11,서울청,서울종로,평창,파출소,02-3701-4308,서울특별시 종로구  평창문화로 46,서울특별시 종로구  평창문화로 46,196984.0,455880.0,정좌표,1.11101830010273e+18,새주소,서울특별시 종로구 평창문화로 46,서울특별시 종로구 평창동 273-3,3011.0,1111056000.0,평창동,1111018300.0,평창동,1111018300,11,110,18300,서울특별시,종로구,평창동,20
12,서울청,서울종로,삼청,파출소,02-3701-4303,서울특별시 종로구 삼청로 75-2 (팔판동),서울특별시 종로구 삼청로 75-2 (팔판동),198294.0,453337.0,정좌표,1.11101390010056e+18,새주소,서울특별시 종로구 삼청로 75-2,서울특별시 종로구 팔판동 56,3054.0,1111054000.0,삼청동,1111013900.0,팔판동,1111013900,11,110,13900,서울특별시,종로구,팔판동,20
13,서울청,서울종로,통의,파출소,02-3701-4304,서울특별시 종로구  효자로 9,서울특별시 종로구  효자로 9,197634.0,452720.0,정좌표,1.1110106001003501e+18,새주소,서울특별시 종로구 효자로 9,서울특별시 종로구 통의동 35-66,3044.0,1111053000.0,사직동,1111010600.0,통의동,1111010600,11,110,10600,서울특별시,종로구,통의동,20
14,서울청,서울종로,청운,파출소,02-3701-4305,서울특별시 종로구  자하문로 92-1,서울특별시 종로구  자하문로 92-1,197331.0,453547.0,정좌표,1.11101030010012e+18,새주소,서울특별시 종로구 자하문로 92-1,서울특별시 종로구 궁정동 12-1,3047.0,1111051500.0,청운효자동,1111010300.0,궁정동,1111010300,11,110,10300,서울특별시,종로구,궁정동,20
15,서울청,서울종로,옥인,파출소,02-3701-4506,서울특별시 종로구  자하문로17길 24,서울특별시 종로구  자하문로17길 24,197230.0,453242.0,정좌표,1.11101110010045e+18,새주소,서울특별시 종로구 자하문로17길 24,서울특별시 종로구 옥인동 45-16,3035.0,1111051500.0,청운효자동,1111011100.0,옥인동,1111011100,11,110,11100,서울특별시,종로구,옥인동,20
16,서울청,서울종로,교남,파출소,02-3701-4310,서울특별시 종로구  송월길 152,서울특별시 종로구  송월길 152,196591.0,452170.0,정좌표,1.11101810010211e+18,새주소,서울특별시 종로구 송월길 152,서울특별시 종로구 행촌동 211-3,3166.0,1111058000.0,교남동,1111018100.0,행촌동,1111018100,11,110,18100,서울특별시,종로구,행촌동,20
17,서울청,서울종로,세종로,파출소,02-3701-4312,서울특별시 중구  세종대로 141,서울특별시 중구  세종대로 141,197847.0,451851.0,정좌표,1.1140103001006801e+18,새주소,서울특별시 중구 세종대로 141,서울특별시 중구 태평로1가 68-1,4519.0,1114055000.0,명동,1114010300.0,태평로1가,1114010300,11,140,10300,서울특별시,중구,태평로1가,14
18,서울청,서울종로,신문로,파출소,02-3701-4311,서울특별시 종로구  경희궁길 6-3,서울특별시 종로구  경희궁길 6-3,197477.0,452054.0,정좌표,1.11101200010058e+18,새주소,서울특별시 종로구 경희궁길 6-3,서울특별시 종로구 신문로1가 58-16,3175.0,1111053000.0,사직동,1111012000.0,신문로1가,1111012000,11,110,12000,서울특별시,종로구,신문로1가,20
19,서울청,서울종로,사직,파출소,02-3701-4309,서울특별시 종로구  사직로9가길 6 1층,서울특별시 종로구  사직로9가길 6 1층,197195.0,452697.0,정좌표,1.11101130010139e+18,새주소,서울특별시 종로구 사직로9가길 6,서울특별시 종로구 필운동 139-1,3027.0,1111053000.0,사직동,1111011300.0,필운동,1111011300,11,110,11300,서울특별시,종로구,필운동,20
20,서울청,서울종로,청진,파출소,02-3701-4313,서울특별시 종로구 우정국로 45-3 1층(임시파출소),서울특별시 종로구 우정국로 45-3 1층(임시파출소),198399.0,452298.0,정좌표,1.1110129001011e+18,새주소,서울특별시 종로구 우정국로 45-3,서울특별시 종로구 견지동 110-39,3150.0,1111061500.0,종로1.2.3.4가동,1111012900.0,견지동,1111012900,11,110,12900,서울특별시,종로구,견지동,20
21,서울청,서울남대문,태평로,파출소,02-2096-8471,서울특별시 중구  다동길 11,서울특별시 중구  다동길 11,198163.0,451746.0,정좌표,1.11401020010046e+18,새주소,서울특별시 중구 다동길 11,서울특별시 중구 다동 46,4521.0,1114055000.0,명동,1114010200.0,다동,1114010200,11,140,10200,서울특별시,중구,다동,14
22,서울청,서울남대문,서울역,파출소,02-2096-8472,서울특별시 중구  통일로 15,서울특별시 중구  통일로 15,197427.0,450513.0,정좌표,1.11401200010122e+18,새주소,서울특별시 중구 통일로 15,서울특별시 중구 봉래동2가 122-17,4509.0,1114054000.0,회현동,1114012000.0,봉래동2가,1114012000,11,140,12000,서울특별시,중구,봉래동2가,14
23,서울청,서울남대문,명동,파출소,02-2096-8473,서울특별시 중구  명동길 30 명동파출소,서울특별시 중구  명동길 30 명동파출소,198513.0,451254.0,정좌표,1.1140127001005e+18,새주소,서울특별시 중구 명동길 30,서울특별시 중구 명동2가 50-13,4536.0,1114055000.0,명동,1114012700.0,명동2가,1114012700,11,140,12700,서울특별시,중구,명동2가,14
24,서울청,서울남대문,남대문,파출소,02-2096-8474,서울특별시 중구  남대문시장4길 28-16,서울특별시 중구  남대문시장4길 28-16,197844.0,450748.0,정좌표,1.11401120010051e+18,새주소,서울특별시 중구 남대문시장4길 28-16,서울특별시 중구 남창동 51-1,4528.0,1114054000.0,회현동,1114011200.0,남창동,1114011200,11,140,11200,서울특별시,중구,남창동,14
25,서울청,서울남대문,중림,파출소,02-2096-8475,서울특별시 중구  중림로 36,서울특별시 중구  중림로 36,197024.0,450624.0,정좌표,1.11401710010203e+18,새주소,서울특별시 중구 중림로 36,서울특별시 중구 중림동 203,4502.0,1114068000.0,중림동,1114017100.0,중림동,1114017100,11,140,17100,서울특별시,중구,중림동,14
26,서울청,서울남대문,회현,파출소,02-2096-8476,서울특별시 중구  퇴계로6길 3-15,서울특별시 중구  퇴계로6길 3-15,198049.0,450685.0,정좌표,1.11401210010194e+18,새주소,서울특별시 중구 퇴계로6길 3-15,서울특별시 중구 회현동1가 194-15,4634.0,1114054000.0,회현동,1114012100.0,회현동1가,1114012100,11,140,12100,서울특별시,중구,회현동1가,14
27,서울청,서울남대문,서소문,파출소,02-2096-8477,서울특별시 중구  서소문로 131-1 서소문파출소,서울특별시 중구  서소문로 131-1 서소문파출소,197763.0,451283.0,정좌표,1.11401660010024e+18,새주소,서울특별시 중구 서소문로 131-1,서울특별시 중구 서소문동 24,4515.0,1114052000.0,소공동,1114016600.0,서소문동,1114016600,11,140,16600,서울특별시,중구,서소문동,14
28,서울청,서울서대문,충정로,지구대,02-335-8301,서울특별시 서대문구  독립문로 25-1,서울특별시 서대문구  독립문로 25-1,196493.0,451955.0,정좌표,1.1410107001010001e+18,새주소,서울특별시 서대문구 독립문로 25-1,서울특별시 서대문구 옥천동 100-1,3734.0,1141052000.0,천연동,1141010700.0,옥천동,1141010700,11,410,10700,서울특별시,서대문구,옥천동,8
29,서울청,서울서대문,신촌,지구대,02-335-8302,서울특별시 서대문구  신촌역로 22,서울특별시 서대문구  신촌역로 22,194895.0,450700.0,정좌표,1.14101120010027e+18,새주소,서울특별시 서대문구 신촌역로 22,서울특별시 서대문구 대현동 27-14,3766.0,1141058500.0,신촌동,1141011200.0,대현동,1141011200,11,410,11200,서울특별시,서대문구,대현동,8
30,서울청,서울서대문,홍은,파출소,02-335-8303,서울특별시 서대문구 세검정로1길 112,서울특별시 서대문구 세검정로1길 112,195198.0,454771.0,정좌표,1.1410118001004805e+18,새주소,서울특별시 서대문구 세검정로1길 112,서울특별시 서대문구 홍은동 48-461,3611.0,1141066000.0,홍은1동,1141011800.0,홍은동,1141011800,11,410,11800,서울특별시,서대문구,홍은동,8
31,서울청,서울서대문,연희,파출소,02-335-8304,서울특별시 서대문구  연희로25길 73,서울특별시 서대문구  연희로25길 73,193998.0,452000.0,정좌표,1.14101170010086e+18,새주소,서울특별시 서대문구 연희로25길 73,서울특별시 서대문구 연희동 86-12,3699.0,1141061500.0,연희동,1141011700.0,연희동,1141011700,11,410,11700,서울특별시,서대문구,연희동,8
32,서울청,서울서대문,남가좌,파출소,02-335-8305,서울특별시 서대문구  가재울로4길 51,서울특별시 서대문구  가재울로4길 51,193221.0,452642.0,정좌표,1.14101200010336e+18,새주소,서울특별시 서대문구 가재울로4길 51,서울특별시 서대문구 남가좌동 336-21,3692.0,1141070000.0,남가좌2동,1141012000.0,남가좌동,1141012000,11,410,12000,서울특별시,서대문구,남가좌동,8
33,서울청,서울서대문,북가좌,파출소,02-335-8306,서울특별시 서대문구  응암로1길 13,서울특별시 서대문구  응암로1길 13,192032.0,453225.0,정좌표,1.1410119001031e+18,새주소,서울특별시 서대문구 응암로1길 13,서울특별시 서대문구 북가좌동 310-2,3679.0,1141072000.0,북가좌2동,1141011900.0,북가좌동,1141011900,11,410,11900,서울특별시,서대문구,북가좌동,8
34,서울청,서울서대문,홍제,파출소,02-335-8307,서울특별시 서대문구  통일로 441-1,서울특별시 서대문구  통일로 441-1,195035.0,453986.0,정좌표,1.14101110010173e+18,새주소,서울특별시 서대문구 통일로 441-1,서울특별시 서대문구 홍제동 173-1,3639.0,1141062000.0,홍제1동,1141011100.0,홍제동,1141011100,11,410,11100,서울특별시,서대문구,홍제동,8
35,서울청,서울서대문,홍은2,파출소,02-335-8308,서울특별시 서대문구  연희로 298,서울특별시 서대문구  연희로 298,194296.0,453479.0,정좌표,1.14101180010424e+18,새주소,서울특별시 서대문구 연희로 298,서울특별시 서대문구 홍은동 424,3653.0,1141068500.0,홍은2동,1141011800.0,홍은동,1141011800,11,410,11800,서울특별시,서대문구,홍은동,8
36,서울청,서울혜화,혜화,파출소,02-762-0811,서울특별시 종로구  창경궁로 279 ,서울특별시 종로구  창경궁로 279 ,200051.0,453749.0,정좌표,1.11101690010092e+18,새주소,서울특별시 종로구 창경궁로 279,서울특별시 종로구 혜화동 92-1,3076.0,1111065000.0,혜화동,1111016900.0,혜화동,1111016900,11,110,16900,서울특별시,종로구,혜화동,20
37,서울청,서울혜화,대학로,파출소,02-763-1230,서울특별시 종로구  이화장2길 33,서울특별시 종로구  이화장2길 33,200464.0,452921.0,정좌표,1.11101680010201e+18,새주소,서울특별시 종로구 이화장2길 33,서울특별시 종로구 동숭동 201-10,3088.0,1111064000.0,이화동,1111016800.0,동숭동,1111016800,11,110,16800,서울특별시,종로구,동숭동,20
38,서울청,서울혜화,명륜,파출소,02-762-1120,서울특별시 종로구  성균관로 78,서울특별시 종로구  성균관로 78,199718.0,454107.0,정좌표,1.1110170001002701e+18,새주소,서울특별시 종로구 성균관로 78,서울특별시 종로구 명륜1가 27-55,3069.0,1111065000.0,혜화동,1111017000.0,명륜1가,1111017000,11,110,17000,서울특별시,종로구,명륜1가,20
39,서울청,서울혜화,창신,파출소,02-763-4200,서울특별시 종로구  지봉로13길 20-12,서울특별시 종로구  지봉로13길 20-12,201126.0,452910.0,정좌표,1.1110174001002309e+18,새주소,서울특별시 종로구 지봉로13길 20-12,서울특별시 종로구 창신동 23-875,3094.0,1111069000.0,창신3동,1111017400.0,창신동,1111017400,11,110,17400,서울특별시,종로구,창신동,20
40,서울청,서울혜화,동묘,파출소,02-2252-0547,서울특별시 종로구  종로58가길 19 동묘파출소,서울특별시 종로구  종로58가길 19 동묘파출소,201444.0,452268.0,정좌표,1.11101750010242e+18,새주소,서울특별시 종로구 종로58가길 19,서울특별시 종로구 숭인동 242-7,3114.0,1111071000.0,숭인2동,1111017500.0,숭인동,1111017500,11,110,17500,서울특별시,종로구,숭인동,20
41,서울청,서울혜화,덕산,파출소,02-763-6843,서울시 종로구 낙산성곽동길 20-1,서울시 종로구 낙산성곽동길 20-1,200755.0,452457.0,정좌표,1.1110174001064001e+18,새주소,서울특별시 종로구 낙산성곽동길 20-1,서울특별시 종로구 창신동 640-137,3097.0,1111068000.0,창신2동,1111017400.0,창신동,1111017400,11,110,17400,서울특별시,종로구,창신동,20
42,서울청,서울혜화,종로5가,파출소,02-2267-2287,서울특별시 종로구  동호로 407,서울특별시 종로구  동호로 407,200074.0,452050.0,정좌표,1.11101630010138e+18,새주소,서울특별시 종로구 동호로 407,서울특별시 종로구 종로5가 138-1,3195.0,1111063000.0,종로5.6가동,1111016300.0,종로5가,1111016300,11,110,16300,서울특별시,종로구,종로5가,20
43,서울청,서울혜화,효제,파출소,02-762-8485,서울특별시 종로구  종로41나길 24-6,서울특별시 종로구  종로41나길 24-6,200360.0,452294.0,정좌표,1.11101640010238e+18,새주소,서울특별시 종로구 종로41나길 24-6,서울특별시 종로구 종로6가 238-16,3125.0,1111063000.0,종로5.6가동,1111016400.0,종로6가,1111016400,11,110,16400,서울특별시,종로구,종로6가,20
44,서울청,서울용산,원효,지구대,02-2198-0191,서울특별시 용산구  백범로 329,서울특별시 용산구  백범로 329,196918.0,448486.0,정좌표,1.11701120010025e+18,새주소,서울특별시 용산구 백범로 329,서울특별시 용산구 원효로1가 25,4316.0,1117056000.0,원효로1동,1117011200.0,원효로1가,1117011200,11,170,11200,서울특별시,용산구,원효로1가,4
46,서울청,서울용산,이태원,파출소,02-2198-0125,서울특별시 용산구  이태원로 184,서울특별시 용산구  이태원로 184,199432.0,447998.0,정좌표,1.11701300010127e+18,새주소,서울특별시 용산구 이태원로 184,서울특별시 용산구 이태원동 127-10,4406.0,1117065000.0,이태원1동,1117013000.0,이태원동,1117013000,11,170,13000,서울특별시,용산구,이태원동,4
49,서울청,서울용산,삼각지,파출소,02-2198-0152,서울특별시 용산구  한강대로198-2,서울특별시 용산구  한강대로198-2,197695.0,448207.0,정좌표,1.11701240010016e+18,새주소,서울특별시 용산구 한강대로 198-2,서울특별시 용산구 한강로1가 16,4353.0,1117062500.0,한강로동,1117012400.0,한강로1가,1117012400,11,170,12400,서울특별시,용산구,한강로1가,4
50,서울청,서울용산,한강로,지구대,02-2198-0158,서울특별시 용산구  서빙고로67,서울특별시 용산구  서빙고로67,197334.0,446912.0,정좌표,1.11701270010024e+18,새주소,서울특별시 용산구 서빙고로 67,서울특별시 용산구 용산동5가 24,4385.0,1117062500.0,한강로동,1117012700.0,용산동5가,1117012700,11,170,12700,서울특별시,용산구,용산동5가,4
51,서울청,서울성북,돈암,지구대,02-920-1810,서울특별시 성북구  아리랑로5길 54,서울특별시 성북구  아리랑로5길 54,201025.0,455000.0,정좌표,1.12901030010579e+18,새주소,서울특별시 성북구 아리랑로5길 54,서울특별시 성북구 돈암동 579-8,2826.0,1129059000.0,돈암2동,1129010300.0,돈암동,1129010300,11,290,10300,서울특별시,성북구,돈암동,10
52,서울청,서울성북,안암,지구대,02-920-1820,서울특별시 성북구  지봉로21길 45,서울특별시 성북구  지봉로21길 45,201396.0,453824.0,정좌표,1.12901320010001e+18,새주소,서울특별시 성북구 지봉로21길 45,서울특별시 성북구 보문동3가 1-1,2870.0,1129061000.0,보문동,1129013200.0,보문동3가,1129013200,11,290,13200,서울특별시,성북구,보문동3가,10
53,서울청,서울성북,길음,지구대,02-920-1830,서울특별시 성북구  삼양로13길 51 길음지구대,서울특별시 성북구  삼양로13길 51 길음지구대,201635.0,456471.0,정좌표,1.12901340011281e+18,새주소,서울특별시 성북구 삼양로13길 51,서울특별시 성북구 길음동 1281-5,2724.0,1129066000.0,길음1동,1129013400.0,길음동,1129013400,11,290,13400,서울특별시,성북구,길음동,10
54,서울청,서울성북,정릉,파출소,02-920-1840,서울특별시 성북구  솔샘로 111,서울특별시 성북구  솔샘로 111,200691.0,457081.0,정좌표,1.12901330010239e+18,새주소,서울특별시 성북구 솔샘로 111,서울특별시 성북구 정릉동 239-3,2702.0,1129065000.0,정릉4동,1129013300.0,정릉동,1129013300,11,290,13300,서울특별시,성북구,정릉동,10
55,서울청,서울성북,정릉2,파출소,02-920-1850,서울특별시 성북구  정릉로26길 6 정릉2파출소,서울특별시 성북구  정릉로26길 6 정릉2파출소,200877.0,455804.0,정좌표,1.1290133001096602e+18,새주소,서울특별시 성북구 정릉로26길 6,서울특별시 성북구 정릉동 966-174,2814.0,1129063000.0,정릉2동,1129013300.0,정릉동,1129013300,11,290,13300,서울특별시,성북구,정릉동,10
56,서울청,서울성북,성북,파출소,02-920-1860,서울특별시 성북구  성북로 94  성북파출소,서울특별시 성북구  성북로 94  성북파출소,199795.0,454551.0,정좌표,1.12901010010066e+18,새주소,서울특별시 성북구 성북로 94,서울특별시 성북구 성북동 66-23,2837.0,1129052500.0,성북동,1129010100.0,성북동,1129010100,11,290,10100,서울특별시,성북구,성북동,10
57,서울청,서울동대문,답십리,지구대,02-961-4301,서울시 동대문구 사가정로 2길 9,서울시 동대문구 사가정로 2길 9,204441.0,452112.0,정좌표,1.12301050011004e+18,새주소,서울특별시 동대문구 사가정로2길 9,서울특별시 동대문구 답십리동 1004-1,2601.0,1123060000.0,답십리1동,1123010500.0,답십리동,1123010500,11,230,10500,서울특별시,동대문구,답십리동,10
58,서울청,서울동대문,용신,지구대,02-961-4302,서울특별시 동대문구  청계천로549,서울특별시 동대문구  청계천로549,203217.0,452284.0,정좌표,1.12301020010696e+18,새주소,서울특별시 동대문구 청계천로 549,서울특별시 동대문구 용두동 696-10,2590.0,1123053600.0,용신동,1123010200.0,용두동,1123010200,11,230,10200,서울특별시,동대문구,용두동,10
60,서울청,서울동대문,제기,파출소,02-961-4304,서울특별시 동대문구 약령시로 17길 59-11,서울특별시 동대문구 약령시로 17길 59-11,203642.0,453696.0,정좌표,1.12301030010287e+18,새주소,서울특별시 동대문구 약령시로17길 59-11,서울특별시 동대문구 제기동 287-33,2480.0,1123054500.0,제기동,1123010300.0,제기동,1123010300,11,230,10300,서울특별시,동대문구,제기동,10
61,서울청,서울동대문,전농1,파출소,02-961-4305,서울특별시 동대문구 서울시립대로 56,서울특별시 동대문구 서울시립대로 56,204164.0,452649.0,정좌표,1.1230104001065e+18,새주소,서울특별시 동대문구 서울시립대로 56,서울특별시 동대문구 전농동 650-1,2551.0,1123056000.0,전농1동,1123010400.0,전농동,1123010400,11,230,10400,서울특별시,동대문구,전농동,10
62,서울청,서울동대문,전농2,파출소,02-961-4306,서울특별시 동대문구 전농로38다길 21,서울특별시 동대문구 전농로38다길 21,204722.0,453784.0,정좌표,1.1230104001010305e+18,새주소,서울특별시 동대문구 전농로38다길 21,서울특별시 동대문구 전농동 103-570,2492.0,1123056000.0,전농1동,1123010400.0,전농동,1123010400,11,230,10400,서울특별시,동대문구,전농동,10
63,서울청,서울동대문,장안1,파출소,02-961-4307,서울특별시 동대문구 한천로20길 9,서울특별시 동대문구 한천로20길 9,205673.0,451929.0,정좌표,1.1230106001016401e+18,새주소,서울특별시 동대문구 한천로20길 9,서울특별시 동대문구 장안동 164-9,2626.0,1123065000.0,장안1동,1123010600.0,장안동,1123010600,11,230,10600,서울특별시,동대문구,장안동,10
64,서울청,서울동대문,장안2,파출소,02-961-4308,서울특별시 동대문구  답십리로 69길 100,서울특별시 동대문구  답십리로 69길 100,206502.0,452724.0,정좌표,1.12301060010329e+18,새주소,서울특별시 동대문구 답십리로69길 100,서울특별시 동대문구 장안동 329-5,2521.0,1123066000.0,장안2동,1123010600.0,장안동,1123010600,11,230,10600,서울특별시,동대문구,장안동,10
65,서울청,서울동대문,이문,지구대,02-961-4309,서울특별시 동대문구  한천로 402,서울특별시 동대문구  한천로 402,205945.0,454920.0,정좌표,1.12301100010092e+18,새주소,서울특별시 동대문구 한천로 402,서울특별시 동대문구 이문동 92-1,2423.0,1123074000.0,이문1동,1123011000.0,이문동,1123011000,11,230,11000,서울특별시,동대문구,이문동,10
66,서울청,서울동대문,휘경,파출소,02-961-4310,서울특별시 동대문구  한천로 266,서울특별시 동대문구  한천로 266,205938.0,453598.0,정좌표,1.1230109001004302e+18,새주소,서울특별시 동대문구 한천로 266,서울특별시 동대문구 휘경동 43-267,2511.0,1123073000.0,휘경2동,1123010900.0,휘경동,1123010900,11,230,10900,서울특별시,동대문구,휘경동,10
67,서울청,서울동대문,회기,파출소,02-961-4311,서울특별시 동대문구  회기로18길 2,서울특별시 동대문구  회기로18길 2,204509.0,454309.0,정좌표,1.12301080010103e+18,새주소,서울특별시 동대문구 회기로18길 2,서울특별시 동대문구 회기동 103-46,2459.0,1123071000.0,회기동,1123010800.0,회기동,1123010800,11,230,10800,서울특별시,동대문구,회기동,10
69,서울청,서울마포,공덕,지구대,02-703-0492,서울특별시 마포구 마포대로 195-1,서울특별시 마포구 마포대로 195-1,195870.0,449950.0,정좌표,1.14401010010785e+18,새주소,서울특별시 마포구 마포대로 195-1,서울특별시 마포구 아현동 785,4118.0,1144055500.0,아현동,1144010100.0,아현동,1144010100,11,440,10100,서울특별시,마포구,아현동,7
70,서울청,서울마포,월드컵,지구대,02-373-1113,서울특별시 마포구  월드컵북로 30길 24,서울특별시 마포구  월드컵북로 30길 24,191892.0,451826.0,정좌표,1.14401250010602e+18,새주소,서울특별시 마포구 월드컵북로30길 24,서울특별시 마포구 성산동 602,3946.0,1144073000.0,성산2동,1144012500.0,성산동,1144012500,11,440,12500,서울특별시,마포구,성산동,7
71,서울청,서울마포,홍익,지구대,02-334-8150,서울특별시 마포구  양화로11길 63,서울특별시 마포구  양화로11길 63,192278.0,449957.0,정좌표,1.14401200010491e+18,새주소,서울특별시 마포구 양화로11길 63,서울특별시 마포구 서교동 491,4036.0,1144066000.0,서교동,1144012000.0,서교동,1144012000,11,440,12000,서울특별시,마포구,서교동,7
72,서울청,서울마포,용강,지구대,02-716-6391,서울특별시 마포구 토정로31길 35,서울특별시 마포구 토정로31길 35,194899.0,448924.0,정좌표,1.14401050010503e+18,새주소,서울특별시 마포구 토정로31길 35,서울특별시 마포구 용강동 503,4161.0,1144059000.0,용강동,1144010500.0,용강동,1144010500,11,440,10500,서울특별시,마포구,용강동,7
73,서울청,서울마포,상암,파출소,02-309-9525,서울특별시 마포구  매봉산로 76,서울특별시 마포구  매봉산로 76,190553.0,452892.0,정좌표,1.14401270011614e+18,새주소,서울특별시 마포구 매봉산로 76,서울특별시 마포구 상암동 1614,3927.0,1144074000.0,상암동,1144012700.0,상암동,1144012700,11,440,12700,서울특별시,마포구,상암동,7
74,서울청,서울마포,망원,파출소,02-337-5908,서울특별시 마포구  망원로2길 63,서울특별시 마포구  망원로2길 63,191336.0,450234.0,정좌표,1.14401230010398e+18,새주소,서울특별시 마포구 망원로2길 63,서울특별시 마포구 망원동 398-1,4015.0,1144069000.0,망원1동,1144012300.0,망원동,1144012300,11,440,12300,서울특별시,마포구,망원동,7
75,서울청,서울마포,연남,파출소,02-334-4974,서울특별시 마포구  연남로 4,서울특별시 마포구  연남로 4,193193.0,450898.0,정좌표,1.14401240010373e+18,새주소,서울특별시 마포구 연남로 4,서울특별시 마포구 연남동 373-20,3989.0,1144071000.0,연남동,1144012400.0,연남동,1144012400,11,440,12400,서울특별시,마포구,연남동,7
76,서울청,서울영등포,중앙,지구대,02-2118-9101,서울특별시 영등포구  영등포로46길 14,서울특별시 영등포구  영등포로46길 14,191754.0,446202.0,정좌표,1.15601040010018e+18,새주소,서울특별시 영등포구 영등포로46길 14,서울특별시 영등포구 영등포동3가 18-1,7302.0,1156053500.0,영등포동,1156010400.0,영등포동3가,1156010400,11,560,10400,서울특별시,영등포구,영등포동3가,10
77,서울청,서울영등포,여의도,지구대,02-2118-9102,서울특별시 영등포구  여의공원로 120 여의도지구대,서울특별시 영등포구  여의공원로 120 여의도지구대,193450.0,447488.0,정좌표,1.15601100010002e+18,새주소,서울특별시 영등포구 여의공원로 120,서울특별시 영등포구 여의도동 2,7243.0,1156054000.0,여의동,1156011000.0,여의도동,1156011000,11,560,11000,서울특별시,영등포구,여의도동,10
78,서울청,서울영등포,문래,지구대,02-2118-9103,서울특별시 영등포구  경인로 759,서울특별시 영등포구  경인로 759,190882.0,445712.0,정좌표,1.15601210010054e+18,새주소,서울특별시 영등포구 경인로 759,서울특별시 영등포구 문래동3가 54-2,7299.0,1156060500.0,문래동,1156012100.0,문래동3가,1156012100,11,560,12100,서울특별시,영등포구,문래동3가,10
79,서울청,서울영등포,신풍,지구대,02-2118-9104,서울특별시 영등포구 대방천로 195(신길동 3741-23),서울특별시 영등포구 대방천로 195(신길동 3741-23),192219.0,444102.0,정좌표,1.15601320013741e+18,새주소,서울특별시 영등포구 대방천로 195,서울특별시 영등포구 신길동 3741-23,7430.0,1156068000.0,신길6동,1156013200.0,신길동,1156013200,11,560,13200,서울특별시,영등포구,신길동,10
80,서울청,서울영등포,신길,지구대,02-2118-9105,서울특별시 영등포구 노량진로 11,서울특별시 영등포구 노량진로 11,193435.0,445640.0,정좌표,1.15601320014203e+18,새주소,서울특별시 영등포구 노량진로 11,서울특별시 영등포구 신길동 4203-1,7318.0,1156069000.0,신길7동,1156013200.0,신길동,1156013200,11,560,13200,서울특별시,영등포구,신길동,10
81,서울청,서울영등포,양평,파출소,02-2118-9106,서울특별시 영등포구  선유로 95,서울특별시 영등포구  선유로 95,190179.0,446726.0,정좌표,1.15601250010164e+18,새주소,서울특별시 영등포구 선유로 95,서울특별시 영등포구 양평동1가 164-22,7272.0,1156061000.0,양평1동,1156012500.0,양평동1가,1156012500,11,560,12500,서울특별시,영등포구,양평동1가,10
82,서울청,서울영등포,당산,지구대,02-2118-9107,서울특별시 영등포구  당산로 221,서울특별시 영등포구  당산로 221,191203.0,447934.0,정좌표,1.15601150010015e+18,새주소,서울특별시 영등포구 당산로 221,서울특별시 영등포구 당산동5가 15,7213.0,1156056000.0,당산2동,1156011500.0,당산동5가,1156011500,11,560,11500,서울특별시,영등포구,당산동5가,10
83,서울청,서울영등포,대림,지구대,02-2118-9108,서울특별시 영등포구  대림로23길 16-1,서울특별시 영등포구  대림로23길 16-1,190972.0,443474.0,정좌표,1.15601330010706e+18,새주소,서울특별시 영등포구 대림로23길 16-1,서울특별시 영등포구 대림동 706-8,7417.0,1156071000.0,대림2동,1156013300.0,대림동,1156013300,11,560,13300,서울특별시,영등포구,대림동,10
84,서울청,서울영등포,대림3,파출소,02-2118-9109,서울특별시 영등포구 가마산로 334,서울특별시 영등포구 가마산로 334,190790.0,444091.0,정좌표,1.15601330010775e+18,새주소,서울특별시 영등포구 가마산로 334,서울특별시 영등포구 대림동 775-2,7412.0,1156072000.0,대림3동,1156013300.0,대림동,1156013300,11,560,13300,서울특별시,영등포구,대림동,10
85,서울청,서울영등포,영등포역,파출소,02-2118-9110,서울특별시 영등포구 영신로20길 11,서울특별시 영등포구 영신로20길 11,191873.0,445921.0,정좌표,1.1560101001061806e+18,새주소,서울특별시 영등포구 영신로20길 11,서울특별시 영등포구 영등포동 618-501,7306.0,1156051500.0,영등포본동,1156010100.0,영등포동,1156010100,11,560,10100,서울특별시,영등포구,영등포동,10
86,서울청,서울성동,한양,지구대,02-2292-5975,서울특별시 성동구  사근동길 5,서울특별시 성동구  사근동길 5,203619.0,450884.0,정좌표,1.12001070010011e+18,새주소,서울특별시 성동구 사근동길 5,서울특별시 성동구 행당동 11-7,4761.0,1120055000.0,사근동,1120010700.0,행당동,1120010700,11,200,10700,서울특별시,성동구,행당동,9
87,서울청,서울성동,성수,지구대,02-463-0112,서울특별시 성동구  광나루로2길 35 성수지구대,서울특별시 성동구  광나루로2길 35 성수지구대,204812.0,449552.0,정좌표,1.1200115001029902e+18,새주소,서울특별시 성동구 광나루로2길 35,서울특별시 성동구 성수동2가 299-240,4792.0,1120069000.0,성수2가3동,1120011500.0,성수동2가,1120011500,11,200,11500,서울특별시,성동구,성수동2가,9
88,서울청,서울성동,서울숲,지구대,02-464-0113,서울특별시 성동구  성덕정길 77-2,서울특별시 성동구  성덕정길 77-2,204550.0,448423.0,정좌표,1.12001150010344e+18,새주소,서울특별시 성동구 성덕정길 77-2,서울특별시 성동구 성수동2가 344-7,4775.0,1120067000.0,성수2가1동,1120011500.0,성수동2가,1120011500,11,200,11500,서울특별시,성동구,성수동2가,9
89,서울청,서울성동,왕십리,파출소,02-2295-1241,서울특별시 성동구  마장로 205,서울특별시 성동구  마장로 205,202815.0,451598.0,정좌표,1.12001030010102e+18,새주소,서울특별시 성동구 마장로 205,서울특별시 성동구 홍익동 102-1,4706.0,1120053500.0,왕십리도선동,1120010300.0,홍익동,1120010300,11,200,10300,서울특별시,성동구,홍익동,9
90,서울청,서울성동,행당,파출소,02-2292-1812,서울특별시 성동구  행당로 89,서울특별시 성동구  행당로 89,202479.0,450572.0,정좌표,1.120010700103172e+18,새주소,서울특별시 성동구 행당로 89,서울특별시 성동구 행당동 317-1994,4713.0,1120057000.0,행당2동,1120010700.0,행당동,1120010700,11,200,10700,서울특별시,성동구,행당동,9
91,서울청,서울성동,옥수,파출소,02-2297-5898,서울특별시 성동구  독서당로 211,서울특별시 성동구  독서당로 211,201198.0,449065.0,정좌표,1.12001130010561e+18,새주소,서울특별시 성동구 독서당로 211,서울특별시 성동구 옥수동 561,4733.0,1120064500.0,옥수동,1120011300.0,옥수동,1120011300,11,200,11300,서울특별시,성동구,옥수동,9
92,서울청,서울성동,금호,파출소,02-2231-6253,서울특별시 성동구  금호로11길 2-1,서울특별시 성동구  금호로11길 2-1,201659.0,450280.0,정좌표,1.12001100010224e+18,새주소,서울특별시 성동구 금호로11길 2-1,서울특별시 성동구 금호동2가 224,4723.0,1120061500.0,금호2.3가동,1120011000.0,금호동2가,1120011000,11,200,11000,서울특별시,성동구,금호동2가,9
93,서울청,서울성동,응봉,파출소,02-2293-7480,서울특별시 성동구  독서당로 373 응봉파출소,서울특별시 성동구  독서당로 373 응봉파출소,202582.0,449725.0,정좌표,1.12001080010275e+18,새주소,서울특별시 성동구 독서당로 373,서울특별시 성동구 응봉동 275-8,4720.0,1120058000.0,응봉동,1120010800.0,응봉동,1120010800,11,200,10800,서울특별시,성동구,응봉동,9
94,서울청,서울성동,용답,파출소,02-2245-0189,서울특별시 성동구  용답중앙길 49 용답파출소,서울특별시 성동구  용답중앙길 49 용답파출소,204503.0,451390.0,정좌표,1.12001220010083e+18,새주소,서울특별시 성동구 용답중앙길 49,서울특별시 성동구 용답동 83-5,4804.0,1120079000.0,용답동,1120012200.0,용답동,1120012200,11,200,12200,서울특별시,성동구,용답동,9
95,서울청,서울동작,사당,지구대,02-811-9853,서울특별시 동작구 사당로28길 44,서울특별시 동작구 사당로28길 44,198096.0,442066.0,정좌표,1.15901070011021e+18,새주소,서울특별시 동작구 사당로28길 44,서울특별시 동작구 사당동 1021-45,7014.0,1159062000.0,사당1동,1159010700.0,사당동,1159010700,11,590,10700,서울특별시,동작구,사당동,7
96,서울청,서울동작,노량진,지구대,02-811-9813,서울특별시 동작구  등용로12나길 2,서울특별시 동작구  등용로12나길 2,194033.0,445438.0,정좌표,1.15901080010068e+18,새주소,서울특별시 동작구 등용로12나길 2,서울특별시 동작구 대방동 68-55,6932.0,1159066000.0,대방동,1159010800.0,대방동,1159010800,11,590,10800,서울특별시,동작구,대방동,7
97,서울청,서울동작,상도,지구대,02-811-9833,서울특별시 동작구  등용로 24 ,서울특별시 동작구  등용로 24 ,194289.0,444859.0,정좌표,1.15901020010363e+18,새주소,서울특별시 동작구 등용로 24,서울특별시 동작구 상도동 363-189,6937.0,1159054000.0,상도2동,1159010200.0,상도동,1159010200,11,590,10200,서울특별시,동작구,상도동,7
98,서울청,서울동작,남성,지구대,02-811-9843,서울특별시 동작구 사당로17나길 4,서울특별시 동작구 사당로17나길 4,197565.0,442437.0,정좌표,1.15901070010257e+18,새주소,서울특별시 동작구 사당로17나길 4,서울특별시 동작구 사당동 257-25,7004.0,1159064000.0,사당3동,1159010700.0,사당동,1159010700,11,590,10700,서울특별시,동작구,사당동,7
99,서울청,서울동작,흑석,지구대,02-811-9823,서울특별시 동작구 흑석로13길 13,서울특별시 동작구 흑석로13길 13,196405.0,445232.0,정좌표,1.15901050010341e+18,새주소,서울특별시 동작구 흑석로13길 13,서울특별시 동작구 흑석동 341-6,6910.0,1159060500.0,흑석동,1159010500.0,흑석동,1159010500,11,590,10500,서울특별시,동작구,흑석동,7
100,서울청,서울동작,신대방,지구대,02-811-9863,서울특별시 동작구 신대방1다길 24,서울특별시 동작구 신대방1다길 24,191613.0,442722.0,정좌표,1.15901090010719e+18,새주소,서울특별시 동작구 신대방1다길 24,서울특별시 동작구 신대방동 719-2,7074.0,1159067000.0,신대방1동,1159010900.0,신대방동,1159010900,11,590,10900,서울특별시,동작구,신대방동,7
101,서울청,서울동작,대방,파출소,02-811-9873,서울특별시 동작구 여의대방로 130,서울특별시 동작구 여의대방로 130,192907.0,444043.0,정좌표,1.15901080010417e+18,새주소,서울특별시 동작구 여의대방로 130,서울특별시 동작구 대방동 417-4,7055.0,1159066000.0,대방동,1159010800.0,대방동,1159010800,11,590,10800,서울특별시,동작구,대방동,7
102,서울청,서울광진,광나루,지구대,02-2285-7820,서울특별시 광진구 아차산로 567,서울특별시 광진구 아차산로 567,209061.0,449138.0,정좌표,1.12151040010231e+18,새주소,서울특별시 광진구 아차산로 567,서울특별시 광진구 광장동 231-1,4983.0,1121581000.0,광장동,1121510400.0,광장동,1121510400,11,215,10400,서울특별시,광진구,광장동,10
103,서울청,서울광진,화양,지구대,02-2285-7810,서울특별시 광진구  능동로17길 39 화양지구대,서울특별시 광진구  능동로17길 39 화양지구대,206235.0,449357.0,정좌표,1.12151070010122e+18,새주소,서울특별시 광진구 능동로17길 39,서울특별시 광진구 화양동 122,5010.0,1121571000.0,화양동,1121510700.0,화양동,1121510700,11,215,10700,서울특별시,광진구,화양동,10
104,서울청,서울광진,중곡1,파출소,02-2285-7830,서울특별시 광진구 능동로 385,서울특별시 광진구 능동로 385,207244.0,451274.0,정좌표,1.12151010010165e+18,새주소,서울특별시 광진구 능동로 385,서울특별시 광진구 중곡동 165-6,4909.0,1121574000.0,중곡1동,1121510100.0,중곡동,1121510100,11,215,10100,서울특별시,광진구,중곡동,10
105,서울청,서울광진,중곡2,파출소,02-2285-7840,서울특별시 광진구  능동로 346,서울특별시 광진구  능동로 346,207132.0,450892.0,정좌표,1.12151010010047e+18,새주소,서울특별시 광진구 능동로 346,서울특별시 광진구 중곡동 47-33,4927.0,1121575000.0,중곡2동,1121510100.0,중곡동,1121510100,11,215,10100,서울특별시,광진구,중곡동,10
106,서울청,서울광진,중곡3,파출소,02-2285-7850,서울특별시 광진구 동일로76가길 28,서울특별시 광진구 동일로76가길 28,207012.0,451840.0,정좌표,1.12151010010684e+18,새주소,서울특별시 광진구 동일로76가길 28,서울특별시 광진구 중곡동 684,4905.0,1121576000.0,중곡3동,1121510100.0,중곡동,1121510100,11,215,10100,서울특별시,광진구,중곡동,10
107,서울청,서울광진,중곡4,파출소,02-2285-7860,서울특별시 광진구  용마산로24길 7,서울특별시 광진구  용마산로24길 7,207639.0,451455.0,정좌표,1.1215101001001801e+18,새주소,서울특별시 광진구 용마산로24길 7,서울특별시 광진구 중곡동 18-144,4940.0,1121577000.0,중곡4동,1121510100.0,중곡동,1121510100,11,215,10100,서울특별시,광진구,중곡동,10
108,서울청,서울광진,자양,파출소,02-2285-7870,서울특별시 광진구 뚝섬로36길 9,서울특별시 광진구 뚝섬로36길 9,206259.0,447958.0,정좌표,1.1215105001055306e+18,새주소,서울특별시 광진구 뚝섬로36길 9,서울특별시 광진구 자양동 553-632,5091.0,1121584000.0,자양3동,1121510500.0,자양동,1121510500,11,215,10500,서울특별시,광진구,자양동,10
109,서울청,서울광진,자양1,파출소,02-2285-7880,서울특별시 광진구  자양번영로 80,서울특별시 광진구  자양번영로 80,206728.0,448265.0,정좌표,1.12151050010799e+18,새주소,서울특별시 광진구 자양번영로 80,서울특별시 광진구 자양동 799-2,5053.0,1121582000.0,자양1동,1121510500.0,자양동,1121510500,11,215,10500,서울특별시,광진구,자양동,10
110,서울청,서울광진,자양4,파출소,02-2285-7890,서울특별시 광진구  뚝섬로22가길 43번지 자양4파출소,서울특별시 광진구  뚝섬로22가길 43번지 자양4파출소,205556.0,448106.0,정좌표,1.12151050010055e+18,새주소,서울특별시 광진구 뚝섬로22가길 43,서울특별시 광진구 자양동 55-12,5084.0,1121584700.0,자양4동,1121510500.0,자양동,1121510500,11,215,10500,서울특별시,광진구,자양동,10
111,서울청,서울광진,구의,파출소,02-2285-7800,서울특별시 광진구 광나루로 43길 26 구의파출소,서울특별시 광진구 광나루로 43길 26 구의파출소,207960.0,449276.0,정좌표,1.12151030010668e+18,새주소,서울특별시 광진구 광나루로43길 26,서울특별시 광진구 구의동 668-2,4978.0,1121586000.0,구의2동,1121510300.0,구의동,1121510300,11,215,10300,서울특별시,광진구,구의동,10
112,서울청,서울서부,응암,지구대,02-335-9800,서울특별시 은평구  은평로 171,서울특별시 은평구  은평로 171,193435.0,455481.0,정좌표,1.1380107001008401e+18,새주소,서울특별시 은평구 은평로 171,서울특별시 은평구 응암동 84-8,3460.0,1138058000.0,응암1동,1138010700.0,응암동,1138010700,11,380,10700,서울특별시,은평구,응암동,8
113,서울청,서울서부,신사,지구대,02-335-9810,서울특별시 은평구  은평터널로5길 6호,서울특별시 은평구  은평터널로5길 6호,191571.0,454390.0,정좌표,1.13801090010184e+18,새주소,서울특별시 은평구 은평터널로5길 6,서울특별시 은평구 신사동 184-56,3446.0,1138063200.0,신사2동,1138010900.0,신사동,1138010900,11,380,10900,서울특별시,은평구,신사동,8
115,서울청,서울서부,응암3,파출소,02-335-9830,서울특별시 은평구  응암로 208 ,서울특별시 은평구  응암로 208 ,192647.0,454249.0,정좌표,1.13801070010576e+18,새주소,서울특별시 은평구 응암로 208,서울특별시 은평구 응암동 576-43,3467.0,1138059000.0,응암2동,1138010700.0,응암동,1138010700,11,380,10700,서울특별시,은평구,응암동,8
116,서울청,서울서부,역촌,파출소,02-350-1934,서울특별시 은평구  연서로 61,서울특별시 은평구  연서로 61,192430.0,455810.0,정좌표,1.13801080010062e+18,새주소,서울특별시 은평구 연서로 61,서울특별시 은평구 역촌동 62-26,3417.0,1138062500.0,역촌동,1138010800.0,역촌동,1138010800,11,380,10800,서울특별시,은평구,역촌동,8
117,서울청,서울강북,미아,지구대,02-944-4112,서울특별시 강북구 도봉로 127,서울특별시 강북구 도봉로 127,202425.0,457535.0,정좌표,1.13051010010327e+18,새주소,서울특별시 강북구 도봉로 127,서울특별시 강북구 미아동 327-1,1177.0,1130555500.0,송천동,1130510100.0,미아동,1130510100,11,305,10100,서울특별시,강북구,미아동,9
118,서울청,서울강북,솔샘,지구대,02-944-4122-7,서울특별시 강북구 오현로 4,서울특별시 강북구 오현로 4,202617.0,457109.0,정좌표,1.1305101001086002e+18,새주소,서울특별시 강북구 오현로 4,서울특별시 강북구 미아동 860-146,1215.0,1130554500.0,송중동,1130510100.0,미아동,1130510100,11,305,10100,서울특별시,강북구,미아동,9
119,서울청,서울강북,수유1,파출소,02-944-4132,서울특별시 강북구  삼양로 305,서울특별시 강북구  삼양로 305,201482.0,458701.0,정좌표,1.1305103001060504e+18,새주소,서울특별시 강북구 삼양로 305,서울특별시 강북구 수유동 605-409,1102.0,1130561500.0,수유1동,1130510300.0,수유동,1130510300,11,305,10300,서울특별시,강북구,수유동,9
120,서울청,서울강북,수유2,파출소,02-944-4141,서울특별시 강북구 삼각산로 115,서울특별시 강북구 삼각산로 115,201441.0,459841.0,정좌표,1.1305103001060506e+18,새주소,서울특별시 강북구 삼각산로 115,서울특별시 강북구 수유동 605-512,1041.0,1130562500.0,수유2동,1130510300.0,수유동,1130510300,11,305,10300,서울특별시,강북구,수유동,9
121,서울청,서울강북,수유3,파출소,02-944-4153,서울특별시 강북구  한천로150길 76,서울특별시 강북구  한천로150길 76,202279.0,460219.0,정좌표,1.13051030010166e+18,새주소,서울특별시 강북구 한천로150길 76,서울특별시 강북구 수유동 166-75,1052.0,1130563500.0,수유3동,1130510300.0,수유동,1130510300,11,305,10300,서울특별시,강북구,수유동,9
122,서울청,서울강북,인수,파출소,02-944-4163,서울특별시 강북구 인수봉로 227,서울특별시 강북구 인수봉로 227,201024.0,459674.0,정좌표,1.1305103001041004e+18,새주소,서울특별시 강북구 인수봉로 227,서울특별시 강북구 수유동 410-342,1022.0,1130566000.0,인수동,1130510300.0,수유동,1130510300,11,305,10300,서울특별시,강북구,수유동,9
123,서울청,서울강북,번동,파출소,02-944-4173,서울특별시 강북구  한천로 969,서울특별시 강북구  한천로 969,202807.0,459291.0,정좌표,1.1305102001041e+18,새주소,서울특별시 강북구 한천로 969,서울특별시 강북구 번동 410-23,1067.0,1130559500.0,번1동,1130510200.0,번동,1130510200,11,305,10200,서울특별시,강북구,번동,9
124,서울청,서울강북,번3,파출소,02-944-4183,서울특별시 강북구  월계로 227,서울특별시 강북구  월계로 227,204179.0,457921.0,정좌표,1.13051020010242e+18,새주소,서울특별시 강북구 월계로 227,서울특별시 강북구 번동 242-6,1230.0,1130560800.0,번3동,1130510200.0,번동,1130510200,11,305,10200,서울특별시,강북구,번동,9
125,서울청,서울강북,삼양,파출소,02-944-4102,서울특별시 강북구  삼양로 239-1,서울특별시 강북구  삼양로 239-1,201536.0,458049.0,정좌표,1.1305101001086701e+18,새주소,서울특별시 강북구 삼양로 239-1,서울특별시 강북구 미아동 867-128,1181.0,1130553400.0,삼양동,1130510100.0,미아동,1130510100,11,305,10100,서울특별시,강북구,미아동,9
126,서울청,서울금천,금천,파출소,02-802-0113,서울특별시 금천구 시흥대로57길 45,서울특별시 금천구 시흥대로57길 45,191068.0,439126.0,정좌표,1.15451030010995e+18,새주소,서울특별시 금천구 시흥대로57길 45,서울특별시 금천구 시흥동 995-2,8632.0,1154567000.0,시흥1동,1154510300.0,시흥동,1154510300,11,545,10300,서울특별시,금천구,시흥동,5
127,서울청,서울금천,문성,지구대,02-855-0112,서울특별시 금천구  독산로 76길 20,서울특별시 금천구  독산로 76길 20,191390.0,440822.0,정좌표,1.15451020010191e+18,새주소,서울특별시 금천구 독산로76길 20,서울특별시 금천구 독산동 191-2,8557.0,1154564000.0,독산4동,1154510200.0,독산동,1154510200,11,545,10200,서울특별시,금천구,독산동,5
128,서울청,서울금천,백산,지구대,02-805-0112,서울특별시 금천구  탑골로2길 37 백산지구대,서울특별시 금천구  탑골로2길 37 백산지구대,192196.0,438769.0,정좌표,1.15451030010244e+18,새주소,서울특별시 금천구 탑골로2길 37,서울특별시 금천구 시흥동 244-38,8657.0,1154571000.0,시흥5동,1154510300.0,시흥동,1154510300,11,545,10300,서울특별시,금천구,시흥동,5
129,서울청,서울금천,가산,파출소,02-864-0113,서울특별시 금천구  벚꽃로56길 174,서울특별시 금천구  벚꽃로56길 174,190026.0,441968.0,정좌표,1.15451010010139e+18,새주소,서울특별시 금천구 벚꽃로56길 174,서울특별시 금천구 가산동 139-2,8512.0,1154551000.0,가산동,1154510100.0,가산동,1154510100,11,545,10100,서울특별시,금천구,가산동,5
130,서울청,서울금천,독산,파출소,02-807-0113,서울특별시 금천구  벚꽃로10길 89,서울특별시 금천구  벚꽃로10길 89,190590.0,440588.0,정좌표,1.15451020011006e+18,새주소,서울특별시 금천구 벚꽃로10길 89,서울특별시 금천구 독산동 1006-96,8602.0,1154561000.0,독산1동,1154510200.0,독산동,1154510200,11,545,10200,서울특별시,금천구,독산동,5
131,서울청,서울중랑,망우,지구대,02-2171-0300,서울특별시 중랑구  망우로 391,서울특별시 중랑구  망우로 391,208375.0,455196.0,정좌표,1.12601050010489e+18,새주소,서울특별시 중랑구 망우로 391,서울특별시 중랑구 망우동 489-7,2086.0,1126065500.0,망우본동,1126010500.0,망우동,1126010500,11,260,10500,서울특별시,중랑구,망우동,8
132,서울청,서울중랑,중화,지구대,02-2171-0303,서울특별시 중랑구  중랑천로 146,서울특별시 중랑구  중랑천로 146,206307.0,455076.0,정좌표,1.1260103001032602e+18,새주소,서울특별시 중랑구 중랑천로 146,서울특별시 중랑구 중화동 326-114,2113.0,1126061000.0,중화2동,1126010300.0,중화동,1126010300,11,260,10300,서울특별시,중랑구,중화동,8
133,서울청,서울중랑,용마,지구대,02-2171-0301,서울특별시 중랑구 동일로 566,서울특별시 중랑구 동일로 566,207041.0,453108.0,정좌표,1.12601010010168e+18,새주소,서울특별시 중랑구 동일로 566,서울특별시 중랑구 면목동 168-2,2236.0,1126055000.0,면목5동,1126010100.0,면목동,1126010100,11,260,10100,서울특별시,중랑구,면목동,8
134,서울청,서울중랑,봉화,지구대,02-2171-0302,서울특별시 중랑구  신내로 177,서울특별시 중랑구  신내로 177,208363.0,456937.0,정좌표,1.1260106001064401e+18,새주소,서울특별시 중랑구 신내로 177,서울특별시 중랑구 신내동 644-3,2024.0,1126069000.0,신내2동,1126010600.0,신내동,1126010600,11,260,10600,서울특별시,중랑구,신내동,8
135,서울청,서울중랑,면목본동,파출소,02-2171-0306,서울특별시 중랑구  상봉로 27,서울특별시 중랑구  상봉로 27,208220.0,453985.0,정좌표,1.12601010010071e+18,새주소,서울특별시 중랑구 상봉로 27,서울특별시 중랑구 면목동 71-24,2202.0,1126056500.0,면목본동,1126010100.0,면목동,1126010100,11,260,10100,서울특별시,중랑구,면목동,8
136,서울청,서울중랑,면목삼팔,파출소,02-2171-0307,서울특별시 중랑구  사가정로41길 45 (면목3.8파출소),서울특별시 중랑구  사가정로41길 45 (면목3.8파출소),207363.0,453436.0,정좌표,1.1260101001150801e+18,새주소,서울특별시 중랑구 사가정로41길 45,서울특별시 중랑구 면목동 1508-3,2222.0,1126057500.0,면목제3.8동,1126010100.0,면목동,1126010100,11,260,10100,서울특별시,중랑구,면목동,8
137,서울청,서울중랑,상봉,파출소,02-2171-0304,서울특별시 중랑구  중랑천로 69 상봉파출소,서울특별시 중랑구  중랑천로 69 상봉파출소,206362.0,454330.0,정좌표,1.12601010010198e+18,새주소,서울특별시 중랑구 중랑천로 69,서울특별시 중랑구 면목동 198-1,2118.0,1126052000.0,면목2동,1126010100.0,면목동,1126010100,11,260,10100,서울특별시,중랑구,면목동,8
138,서울청,서울중랑,먹골,파출소,02-2171-0305,서울특별시 중랑구 숙선옹주로7길 1,서울특별시 중랑구 숙선옹주로7길 1,207129.0,456922.0,정좌표,1.1260104001012e+18,새주소,서울특별시 중랑구 숙선옹주로7길 1,서울특별시 중랑구 묵동 120,2031.0,1126062000.0,묵1동,1126010400.0,묵동,1126010400,11,260,10400,서울특별시,중랑구,묵동,8
139,서울청,서울강남,역삼,지구대,02-562-1623,서울특별시 강남구 언주로108길 20,서울특별시 강남구 언주로108길 20,203557.0,445125.0,정좌표,1.16801010010687e+18,새주소,서울특별시 강남구 언주로108길 20,서울특별시 강남구 역삼동 687-10,6144.0,1168064000.0,역삼1동,1168010100.0,역삼동,1168010100,11,680,10100,서울특별시,강남구,역삼동,14
140,서울청,서울강남,논현1,파출소,02-544-5555,서울특별시 강남구 학동로 169,서울특별시 강남구 학동로 169,202523.0,445737.0,정좌표,1.16801080010058e+18,새주소,서울특별시 강남구 학동로 169,서울특별시 강남구 논현동 58-13,6046.0,1168052100.0,논현1동,1168010800.0,논현동,1168010800,11,680,10800,서울특별시,강남구,논현동,14
141,서울청,서울강남,논현2,파출소,02-543-0112,서울특별시 강남구 학동로 227,서울특별시 강남구 학동로 227,202922.0,445887.0,정좌표,1.16801080010089e+18,새주소,서울특별시 강남구 학동로 227,서울특별시 강남구 논현동 89-13,6053.0,1168053100.0,논현2동,1168010800.0,논현동,1168010800,11,680,10800,서울특별시,강남구,논현동,14
142,서울청,서울강남,삼성1,파출소,02-511-5049,서울특별시 강남구 영동대로112길 4,서울특별시 강남구 영동대로112길 4,205283.0,445855.0,정좌표,1.16801050010107e+18,새주소,서울특별시 강남구 영동대로112길 4,서울특별시 강남구 삼성동 107-3,6083.0,1168058000.0,삼성1동,1168010500.0,삼성동,1168010500,11,680,10500,서울특별시,강남구,삼성동,14
143,서울청,서울강남,삼성2,파출소,02-562-1628,서울특별시 강남구 선릉로 626,서울특별시 강남구 선릉로 626,203759.0,445571.0,정좌표,1.16801050010035e+18,새주소,서울특별시 강남구 선릉로 626,서울특별시 강남구 삼성동 35,6097.0,1168059000.0,삼성2동,1168010500.0,삼성동,1168010500,11,680,10500,서울특별시,강남구,삼성동,14
144,서울청,서울강남,청담,파출소,02-512-0112,서울특별시 강남구 학동로95길 19,서울특별시 강남구 학동로95길 19,204624.0,446559.0,정좌표,1.16801040010066e+18,새주소,서울특별시 강남구 학동로95길 19,서울특별시 강남구 청담동 66-3,6073.0,1168056500.0,청담동,1168010400.0,청담동,1168010400,11,680,10400,서울특별시,강남구,청담동,14
145,서울청,서울강남,신사,파출소,02-511-5087,서울특별시 강남구 도산대로 143,서울특별시 강남구 도산대로 143,202063.0,446238.0,정좌표,1.16801070010539e+18,새주소,서울특별시 강남구 도산대로 143,서울특별시 강남구 신사동 539-12,6036.0,1168051000.0,신사동,1168010700.0,신사동,1168010700,11,680,10700,서울특별시,강남구,신사동,14
146,서울청,서울강남,압구정,파출소,02-542-1103,서울특별시 강남구 압구정로 311,서울특별시 강남구 압구정로 311,203079.0,447456.0,정좌표,1.16801100010483e+18,새주소,서울특별시 강남구 압구정로 311,서울특별시 강남구 압구정동 483,6006.0,1168054500.0,압구정동,1168011000.0,압구정동,1168011000,11,680,11000,서울특별시,강남구,압구정동,14
147,서울청,서울관악,당곡,지구대,02-870-0810,서울특별시 관악구  남부순환로191길 12 당곡지구대,서울특별시 관악구  남부순환로191길 12 당곡지구대,194127.0,442648.0,정좌표,1.16201010010961e+18,새주소,서울특별시 관악구 남부순환로191길 12,서울특별시 관악구 봉천동 961-16,8756.0,1162060500.0,은천동,1162010100.0,봉천동,1162010100,11,620,10100,서울특별시,관악구,봉천동,8
149,서울청,서울관악,신림,지구대,02-870-0830,서울특별시 관악구  남부순환로188길 12 신림지구대,서울특별시 관악구  남부순환로188길 12 신림지구대,194033.0,442425.0,정좌표,1.1620102001001006e+18,새주소,서울특별시 관악구 남부순환로188길 12,서울특별시 관악구 신림동 10-484,8779.0,1162064500.0,서원동,1162010200.0,신림동,1162010200,11,620,10200,서울특별시,관악구,신림동,8
150,서울청,서울관악,관악산,지구대,02-870-0840,서울특별시 관악구  신림로 178 관악산지구대,서울특별시 관악구  신림로 178 관악산지구대,194203.0,441299.0,정좌표,1.1620102001080804e+18,새주소,서울특별시 관악구 신림로 178,서울특별시 관악구 신림동 808-402,8838.0,1162066500.0,서림동,1162010200.0,신림동,1162010200,11,620,10200,서울특별시,관악구,신림동,8
151,서울청,서울관악,구암,지구대,02-870-0850,서울특별시 관악구 은천로 93,서울특별시 관악구 은천로 93,195074.0,442984.0,정좌표,1.16201010011718e+18,새주소,서울특별시 관악구 은천로 93,서울특별시 관악구 봉천동 1718,8715.0,1162060500.0,은천동,1162010100.0,봉천동,1162010100,11,620,10100,서울특별시,관악구,봉천동,8
152,서울청,서울관악,남현,파출소,02-870-0890,서울특별시 관악구  남현1가길 29 남현파출소,서울특별시 관악구  남현1가길 29 남현파출소,197972.0,441375.0,정좌표,1.16201030011086e+18,새주소,서울특별시 관악구 남현1가길 29,서울특별시 관악구 남현동 1086-1,8807.0,1162063000.0,남현동,1162010300.0,남현동,1162010300,11,620,10300,서울특별시,관악구,남현동,8
153,서울청,서울관악,난우,파출소,02-870-0860,서울특별시 관악구  난곡로64 난우파출소,서울특별시 관악구  난곡로64 난우파출소,192785.0,439887.0,정좌표,1.16201020011735e+18,새주소,서울특별시 관악구 난곡로 64,서울특별시 관악구 신림동 1735-6,8861.0,1162071500.0,난향동,1162010200.0,신림동,1162010200,11,620,10200,서울특별시,관악구,신림동,8
154,서울청,서울관악,미성,파출소,02-870-0870,서울특별시 관악구  난곡로64가길 31,서울특별시 관악구  난곡로64가길 31,192465.0,441974.0,정좌표,1.16201020011566e+18,새주소,서울특별시 관악구 난곡로64가길 31,서울특별시 관악구 신림동 1566-34,8772.0,1162076500.0,미성동,1162010200.0,신림동,1162010200,11,620,10200,서울특별시,관악구,신림동,8
155,서울청,서울관악,신사,지구대,02-870-0880,서울특별시 관악구  신사로 106,서울특별시 관악구  신사로 106,192342.0,442792.0,정좌표,1.16201020010517e+18,새주소,서울특별시 관악구 신사로 106,서울특별시 관악구 신림동 517-5,8702.0,1162068500.0,신사동,1162010200.0,신림동,1162010200,11,620,10200,서울특별시,관악구,신림동,8
156,서울청,서울강서,화곡,지구대,02-2604-0087,서울특별시 강서구  화곡로 308,서울특별시 강서구  화곡로 308,186684.0,449910.0,정좌표,1.1500103001098001e+18,새주소,서울특별시 강서구 화곡로 308,서울특별시 강서구 화곡동 980-27,7658.0,1150059100.0,화곡6동,1150010300.0,화곡동,1150010300,11,500,10300,서울특별시,강서구,화곡동,11
157,서울청,서울강서,공항,지구대,02-2662-0372,서울특별시 강서구  방화동로 5 ,서울특별시 강서구  방화동로 5 ,182991.0,451138.0,정좌표,1.1500109001062e+18,새주소,서울특별시 강서구 방화동로 5,서울특별시 강서구 방화동 620-111,7620.0,1150064000.0,방화2동,1150010900.0,방화동,1150010900,11,500,10900,서울특별시,강서구,방화동,11
158,서울청,서울강서,까치산,지구대,02-2604-5053,서울특별시 강서구  강서로7길 39,서울특별시 강서구  강서로7길 39,186279.0,447467.0,정좌표,1.15001030010901e+18,새주소,서울특별시 강서구 강서로7길 39,서울특별시 강서구 화곡동 901-14,7777.0,1150054000.0,화곡1동,1150010300.0,화곡동,1150010300,11,500,10300,서울특별시,강서구,화곡동,11
159,서울청,서울강서,가양,지구대,02-3665-9112,서울특별시 강서구 화곡로65길 63,서울특별시 강서구 화곡로65길 63,186688.0,450786.0,정좌표,1.15001020010706e+18,새주소,서울특별시 강서구 화곡로65길 63,서울특별시 강서구 등촌동 706-1,7589.0,1150053500.0,등촌3동,1150010200.0,등촌동,1150010200,11,500,10200,서울특별시,강서구,등촌동,11
160,서울청,서울강서,곰달래,지구대,02-2643-7994,서울특별시 강서구 곰달래로59길 12,서울특별시 강서구 곰달래로59길 12,187832.0,447859.0,정좌표,1.15001030010776e+18,새주소,서울특별시 강서구 곰달래로59길 12,서울특별시 강서구 화곡동 776-4,7741.0,1150057000.0,화곡4동,1150010300.0,화곡동,1150010300,11,500,10300,서울특별시,강서구,화곡동,11
161,서울청,서울강서,방화3,파출소,02-2663-1121,서울특별시 강서구  금낭화로26길 16,서울특별시 강서구  금낭화로26길 16,183562.0,453073.0,정좌표,1.15001090010822e+18,새주소,서울특별시 강서구 금낭화로26길 16,서울특별시 강서구 방화동 822,7512.0,1150064100.0,방화3동,1150010900.0,방화동,1150010900,11,500,10900,서울특별시,강서구,방화동,11
162,서울청,서울강서,염창,지구대,02-3665-0660,서울특별시 강서구 양천로67길 101,서울특별시 강서구 양천로67길 101,188583.0,450369.0,정좌표,1.15001010010217e+18,새주소,서울특별시 강서구 양천로67길 101,서울특별시 강서구 염창동 217-2,7535.0,1150051000.0,염창동,1150010100.0,염창동,1150010100,11,500,10100,서울특별시,강서구,염창동,11
163,서울청,서울강서,등촌2,파출소,02-2651-0330,서울특별시 강서구  등촌로 167 ,서울특별시 강서구  등촌로 167 ,187722.0,449180.0,정좌표,1.15001020010513e+18,새주소,서울특별시 강서구 등촌로 167,서울특별시 강서구 등촌동 513-6,7668.0,1150053000.0,등촌2동,1150010200.0,등촌동,1150010200,11,500,10200,서울특별시,강서구,등촌동,11
164,서울청,서울강서,발산,지구대,02-2662-0330,서울특별시 강서구  수명로2길 46 ,서울특별시 강서구  수명로2길 46 ,184558.0,449696.0,정좌표,1.15001060010748e+18,새주소,서울특별시 강서구 수명로2길 46,서울특별시 강서구 내발산동 748-5,7641.0,1150061100.0,발산1동,1150010600.0,내발산동,1150010600,11,500,10600,서울특별시,강서구,내발산동,11
165,서울청,서울강서,화곡3,파출소,02-2604-2133,서울특별시 강서구  강서로45다길 71,서울특별시 강서구  강서로45다길 71,185364.0,449170.0,정좌표,1.15001030011019e+18,새주소,서울특별시 강서구 강서로45다길 71,서울특별시 강서구 화곡동 1019,7709.0,1150056000.0,화곡3동,1150010300.0,화곡동,1150010300,11,500,10300,서울특별시,강서구,화곡동,11
166,서울청,서울강서,마곡,지구대,02-2620-9541,서울특별시 강서구 마곡중앙5로 32,서울특별시 강서구 마곡중앙5로 32,184401.0,451676.0,정좌표,1.15001050010737e+18,새주소,서울특별시 강서구 마곡중앙5로 32,서울특별시 강서구 마곡동 737-19,7595.0,1150060300.0,가양1동,1150010500.0,마곡동,1150010500,11,500,10500,서울특별시,강서구,마곡동,11
168,서울청,서울강동,길동,지구대,02-3449-7814,서울특별시 강동구 양재대로96길 35,서울특별시 강동구 양재대로96길 35,212233.0,447476.0,정좌표,1.17401060010495e+18,새주소,서울특별시 강동구 양재대로96길 35,서울특별시 강동구 둔촌동 495,5372.0,1174070000.0,둔촌2동,1174010600.0,둔촌동,1174010600,11,740,10600,서울특별시,강동구,둔촌동,8
169,서울청,서울강동,성내,지구대,02-3449-7834,서울특별시 강동구 성내로 55 (성내동),서울특별시 강동구 성내로 55 (성내동),211100.0,447385.0,정좌표,1.17401080010541e+18,새주소,서울특별시 강동구 성내로 55,서울특별시 강동구 성내동 541-1,5397.0,1174064000.0,성내1동,1174010800.0,성내동,1174010800,11,740,10800,서울특별시,강동구,성내동,8
170,서울청,서울강동,암사,지구대,02-3449-7824,서울특별시 강동구  고덕로 137 암사지구대,서울특별시 강동구  고덕로 137 암사지구대,212369.0,450304.0,정좌표,1.17401070010414e+18,새주소,서울특별시 강동구 고덕로 137,서울특별시 강동구 암사동 414-19,5236.0,1174059000.0,암사3동,1174010700.0,암사동,1174010700,11,740,10700,서울특별시,강동구,암사동,8
171,서울청,서울강동,둔촌,파출소,02-3449-7854,서울특별시 강동구 양재대로 1340 (둔촌동),서울특별시 강동구 양재대로 1340 (둔촌동),212021.0,447152.0,정좌표,1.1740106001017e+18,새주소,서울특별시 강동구 양재대로 1340,서울특별시 강동구 둔촌동 170-1,5409.0,1174069000.0,둔촌1동,1174010600.0,둔촌동,1174010600,11,740,10600,서울특별시,강동구,둔촌동,8
172,서울청,서울강동,명일,파출소,02-3449-7844,서울특별시 강동구 동남로 895 명일파출소,서울특별시 강동구 동남로 895 명일파출소,213722.0,450164.0,정좌표,1.17401010010047e+18,새주소,서울특별시 강동구 동남로 895,서울특별시 강동구 명일동 47-30,5269.0,1174054000.0,명일2동,1174010100.0,명일동,1174010100,11,740,10100,서울특별시,강동구,명일동,8
173,서울청,서울강동,강일,파출소,02-3449-7864,서울특별시 강동구  아리수로91길 20,서울특별시 강동구  아리수로91길 20,215233.0,451412.0,정좌표,1.17401100010678e+18,새주소,서울특별시 강동구 아리수로91길 20,서울특별시 강동구 강일동 678-3,5211.0,1174051500.0,강일동,1174011000.0,강일동,1174011000,11,740,11000,서울특별시,강동구,강일동,8
174,서울청,서울강동,고덕,파출소,02-3449-7874,서울특별시 강동구  고덕로 61길61,서울특별시 강동구  고덕로 61길61,213334.0,450571.0,정좌표,1.17401020010691e+18,새주소,서울특별시 강동구 고덕로61길 61,서울특별시 강동구 고덕동 691-9,5231.0,1174055000.0,고덕1동,1174010200.0,고덕동,1174010200,11,740,10200,서울특별시,강동구,고덕동,8
175,서울청,서울강동,상일,파출소,02-3449-7894,서울특별시 강동구 고덕로 80길 7,서울특별시 강동구 고덕로 80길 7,214583.0,450450.0,정좌표,1.1740103001052e+18,새주소,서울특별시 강동구 고덕로80길 7,서울특별시 강동구 상일동 520-2,5274.0,1174052500.0,상일1동,1174010300.0,상일동,1174010300,11,740,10300,서울특별시,강동구,상일동,8
176,서울청,서울종암,석관,파출소,02-3396-7663,서울특별시 성북구  화랑로32가길 20 석관파출소,서울특별시 성북구  화랑로32가길 20 석관파출소,204806.0,456286.0,정좌표,1.12901390010407e+18,새주소,서울특별시 성북구 화랑로32가길 20,서울특별시 성북구 석관동 407-3,2790.0,1129081000.0,석관동,1129013900.0,석관동,1129013900,11,290,13900,서울특별시,성북구,석관동,10
177,서울청,서울종암,장위,지구대,02-3396-7673,서울특별시 성북구 장월로174 장위지구대,서울특별시 성북구 장월로174 장위지구대,204679.0,457458.0,정좌표,1.1290138001027501e+18,새주소,서울특별시 성북구 장월로 174,서울특별시 성북구 장위동 275-18,2763.0,1129078000.0,장위3동,1129013800.0,장위동,1129013800,11,290,13800,서울특별시,성북구,장위동,10
178,서울청,서울종암,월곡,지구대,02-3396-7684,서울특별시 성북구  종암로32길 5 월곡지구대,서울특별시 성북구  종암로32길 5 월곡지구대,202794.0,455791.0,정좌표,1.1290136001009011e+18,새주소,서울특별시 성북구 종암로32길 5,서울특별시 성북구 하월곡동 90-1152,2739.0,1129071500.0,월곡1동,1129013600.0,하월곡동,1129013600,11,290,13600,서울특별시,성북구,하월곡동,10
179,서울청,서울종암,종암,파출소,02-3396-7693,서울특별시 성북구  종암로23길 52,서울특별시 성북구  종암로23길 52,202691.0,455311.0,정좌표,1.1290135001008e+18,새주소,서울특별시 성북구 종암로23길 52,서울특별시 성북구 종암동 80-9,2803.0,1129070500.0,종암동,1129013500.0,종암동,1129013500,11,290,13500,서울특별시,성북구,종암동,10
180,서울청,서울구로,신구로,지구대,02-853-0189,서울특별시 구로구 새말로 26 신구로지구대,서울특별시 구로구 새말로 26 신구로지구대,189664.0,444457.0,정좌표,1.15301020010569e+18,새주소,서울특별시 구로구 새말로 26,서울특별시 구로구 구로동 569-3,8292.0,1153056000.0,구로5동,1153010200.0,구로동,1153010200,11,530,10200,서울특별시,구로구,구로동,8
181,서울청,서울구로,오류,지구대,02-840-8305,서울특별시 구로구  고척로1길 34 오류지구대,서울특별시 구로구  고척로1길 34 오류지구대,185678.0,443636.0,정좌표,1.1530108001008102e+18,새주소,서울특별시 구로구 고척로1길 34,서울특별시 구로구 오류동 81-130,8255.0,1153077000.0,오류1동,1153010800.0,오류동,1153010800,11,530,10800,서울특별시,구로구,오류동,8
182,서울청,서울구로,구일,지구대,02-840-8302,서울특별시 구로구  도림로 63 구일지구대,서울특별시 구로구  도림로 63 구일지구대,190263.0,443011.0,정좌표,1.1530102001076603e+18,새주소,서울특별시 구로구 도림로 63,서울특별시 구로구 구로동 766-238,8313.0,1153055000.0,구로4동,1153010200.0,구로동,1153010200,11,530,10200,서울특별시,구로구,구로동,8
183,서울청,서울구로,고척,지구대,02-2612-0112,서울특별시 구로구 중앙로 15길 30 고척지구대,서울특별시 구로구 중앙로 15길 30 고척지구대,187402.0,444944.0,정좌표,1.15301060010339e+18,새주소,서울특별시 구로구 중앙로15길 30,서울특별시 구로구 고척동 339-3,8240.0,1153073000.0,고척2동,1153010600.0,고척동,1153010600,11,530,10600,서울특별시,구로구,고척동,8
184,서울청,서울구로,개봉,지구대,02-2612-0330,서울특별시 구로구  개봉로18길 5 개봉지구대,서울특별시 구로구  개봉로18길 5 개봉지구대,187235.0,443301.0,정좌표,1.15301070010259e+18,새주소,서울특별시 구로구 개봉로18길 5,서울특별시 구로구 개봉동 259-1,8332.0,1153075000.0,개봉2동,1153010700.0,개봉동,1153010700,11,530,10700,서울특별시,구로구,개봉동,8
185,서울청,서울구로,구로3,파출소,02-866-0112,서울특별시 구로구  디지털로31길 86 구로3파출소,서울특별시 구로구  디지털로31길 86 구로3파출소,190325.0,442724.0,정좌표,1.15301020010256e+18,새주소,서울특별시 구로구 디지털로31길 86,서울특별시 구로구 구로동 256-1,8371.0,1153054000.0,구로3동,1153010200.0,구로동,1153010200,11,530,10200,서울특별시,구로구,구로동,8
186,서울청,서울구로,가리봉,파출소,02-854-0112,서울특별시 구로구 남부순환로 1275 가리봉파출소,서울특별시 구로구 남부순환로 1275 가리봉파출소,190436.0,441896.0,정좌표,1.15301030010136e+18,새주소,서울특별시 구로구 남부순환로 1275,서울특별시 구로구 가리봉동 136-80,8395.0,1153059500.0,가리봉동,1153010300.0,가리봉동,1153010300,11,530,10300,서울특별시,구로구,가리봉동,8
187,서울청,서울구로,천왕,파출소,02-840-8308,서울특별시 구로구 오리로 1102-8,서울특별시 구로구 오리로 1102-8,186005.0,442418.0,정좌표,1.15301110010281e+18,새주소,서울특별시 구로구 오리로 1102-8,서울특별시 구로구 천왕동 281-4,8350.0,1153078000.0,오류2동,1153011100.0,천왕동,1153011100,11,530,11100,서울특별시,구로구,천왕동,8
188,서울청,서울서초,반포,지구대,02-536-8477,서울특별시 서초구 신반포로190,서울특별시 서초구 신반포로190,200389.0,444861.0,정좌표,1.16501070010019e+18,새주소,서울특별시 서초구 신반포로 190,서울특별시 서초구 반포동 19-5,6545.0,1165058100.0,반포4동,1165010700.0,반포동,1165010700,11,650,10700,서울특별시,서초구,반포동,11
189,서울청,서울서초,서초2,파출소,02-536-8477,서울 서초구 서운로 38,서울 서초구 서운로 38,202493.0,442814.0,정좌표,1.16501080011356e+18,새주소,서울특별시 서초구 서운로 38,서울특별시 서초구 서초동 1356-6,6728.0,1165052000.0,서초2동,1165010800.0,서초동,1165010800,11,650,10800,서울특별시,서초구,서초동,11
190,서울청,서울서초,서초3,파출소,02-572-0692,서울 서초구 반포대로30길 40,서울 서초구 반포대로30길 40,202677.0,442901.0,정좌표,1.16501080011555e+18,새주소,서울특별시 서초구 반포대로30길 40,서울특별시 서초구 서초동 1555-4,6646.0,1165053000.0,서초3동,1165010800.0,서초동,1165010800,11,650,10800,서울특별시,서초구,서초동,11
191,서울청,서울서초,양재,파출소,02-572-0113,서울 서초구 남부순환로356길 9,서울 서초구 남부순환로356길 9,203278.0,442484.0,정좌표,1.16501020010001e+18,새주소,서울특별시 서초구 남부순환로356길 9,서울특별시 서초구 양재동 1-3,6738.0,1165065100.0,양재1동,1165010200.0,양재동,1165010200,11,650,10200,서울특별시,서초구,양재동,11
192,서울청,서울서초,서초,파출소,02-583-6249,서울 서초구 효령로 297,서울 서초구 효령로 297,201411.0,442566.0,정좌표,1.16501080011603e+18,새주소,서울특별시 서초구 효령로 297,서울특별시 서초구 서초동 1603-16,6643.0,1165051000.0,서초1동,1165010800.0,서초동,1165010800,11,650,10800,서울특별시,서초구,서초동,11
193,서울청,서울서초,우면,파출소,02-581-1120,서울 서초구 양재대로2길 106,서울 서초구 양재대로2길 106,201347.0,439327.0,정좌표,1.16501030010768e+18,새주소,서울특별시 서초구 양재대로2길 106,서울특별시 서초구 우면동 768,6767.0,1165065100.0,양재1동,1165010300.0,우면동,1165010300,11,650,10300,서울특별시,서초구,우면동,11
194,서울청,서울서초,내곡,파출소,02-573-5826,서울특별시 서초구 헌릉로 226,서울특별시 서초구 헌릉로 226,205663.0,439204.0,정좌표,1.16501090010404e+18,새주소,서울특별시 서초구 헌릉로 226,서울특별시 서초구 내곡동 404,6800.0,1165066000.0,내곡동,1165010900.0,내곡동,1165010900,11,650,10900,서울특별시,서초구,내곡동,11
195,서울청,서울양천,목1,지구대,02-2648-0040,서울특별시 양천구  목동동로 373,서울특별시 양천구  목동동로 373,189188.0,448107.0,정좌표,1.14701020010907e+18,새주소,서울특별시 양천구 목동동로 373,서울특별시 양천구 목동 907-3,7983.0,1147055000.0,목5동,1147010200.0,목동,1147010200,11,470,10200,서울특별시,양천구,목동,8
196,서울청,서울양천,목2,지구대,02-2652-0112,서울특별시 양천구  등촌로 166,서울특별시 양천구  등촌로 166,187768.0,449152.0,정좌표,1.14701020010657e+18,새주소,서울특별시 양천구 등촌로 166,서울특별시 양천구 목동 657-23,7951.0,1147053000.0,목3동,1147010200.0,목동,1147010200,11,470,10200,서울특별시,양천구,목동,8
197,서울청,서울양천,신정1,지구대,02-2643-0113,서울특별시 양천구  중앙로32길 65,서울특별시 양천구  중앙로32길 65,187623.0,446461.0,정좌표,1.14701010011021e+18,새주소,서울특별시 양천구 중앙로32길 65,서울특별시 양천구 신정동 1021-8,8087.0,1147062000.0,신정1동,1147010100.0,신정동,1147010100,11,470,10100,서울특별시,양천구,신정동,8
198,서울청,서울양천,신정2,지구대,02-2699-0678,서울특별시 양천구 목동로17길 5,서울특별시 양천구 목동로17길 5,187869.0,446919.0,정좌표,1.14701010010997e+18,새주소,서울특별시 양천구 목동로17길 5,서울특별시 양천구 신정동 997-3,8022.0,1147065000.0,신정4동,1147010100.0,신정동,1147010100,11,470,10100,서울특별시,양천구,신정동,8
199,서울청,서울양천,신월2,지구대,02-2608-0112,서울특별시 양천구 지양로 55,서울특별시 양천구 지양로 55,185290.0,446492.0,정좌표,1.14701030010987e+18,새주소,서울특별시 양천구 지양로 55,서울특별시 양천구 신월동 987,8038.0,1147061100.0,신월7동,1147010300.0,신월동,1147010300,11,470,10300,서울특별시,양천구,신월동,8
200,서울청,서울양천,신월1,파출소,02-2602-0092,서울특별시 양천구  남부순환로59길 8 ,서울특별시 양천구  남부순환로59길 8 ,185102.0,447770.0,정좌표,1.1470103001013201e+18,새주소,서울특별시 양천구 남부순환로59길 8,서울특별시 양천구 신월동 132-3,7921.0,1147056000.0,신월1동,1147010300.0,신월동,1147010300,11,470,10300,서울특별시,양천구,신월동,8
201,서울청,서울양천,신정3,파출소,02-2696-2305,서울특별시 양천구  중앙로 205,서울특별시 양천구  중앙로 205,187110.0,445864.0,정좌표,1.14701010011264e+18,새주소,서울특별시 양천구 중앙로 205,서울특별시 양천구 신정동 1264,8078.0,1147064000.0,신정3동,1147010100.0,신정동,1147010100,11,470,10100,서울특별시,양천구,신정동,8
202,서울청,서울양천,신월5,파출소,02-2693-0113,서울특별시 양천구  남부순환로31길 37,서울특별시 양천구  남부순환로31길 37,184966.0,448549.0,정좌표,1.14701030010059e+18,새주소,서울특별시 양천구 남부순환로31길 37,서울특별시 양천구 신월동 59-5,7904.0,1147060000.0,신월5동,1147010300.0,신월동,1147010300,11,470,10300,서울특별시,양천구,신월동,8
203,서울청,서울송파,방이,지구대,02-3402-6301,서울특별시 송파구  양재대로71길 5-6,서울특별시 송파구  양재대로71길 5-6,211047.0,445343.0,정좌표,1.17101110010204e+18,새주소,서울특별시 송파구 양재대로71길 5-6,서울특별시 송파구 방이동 204-8,5639.0,1171056100.0,방이1동,1171011100.0,방이동,1171011100,11,710,11100,서울특별시,송파구,방이동,11
204,서울청,서울송파,잠실,지구대,02-3402-6302,서울특별시 송파구  올림픽로 101,서울특별시 송파구  올림픽로 101,207194.0,445544.0,정좌표,1.17101010010019e+18,새주소,서울특별시 송파구 올림픽로 101,서울특별시 송파구 잠실동 19-5,5501.0,1171067000.0,잠실2동,1171010100.0,잠실동,1171010100,11,710,10100,서울특별시,송파구,잠실동,11
205,서울청,서울송파,삼전,지구대,02-3402-6303,서울특별시 송파구  백제고분로 238,서울특별시 송파구  백제고분로 238,208132.0,444499.0,정좌표,1.17101060010062e+18,새주소,서울특별시 송파구 백제고분로 238,서울특별시 송파구 삼전동 62-3,5584.0,1171061000.0,삼전동,1171010600.0,삼전동,1171010600,11,710,10600,서울특별시,송파구,삼전동,11
206,서울청,서울송파,가락,지구대,02-3402-6304,서울특별시 송파구  중대로 179,서울특별시 송파구  중대로 179,211011.0,444004.0,정좌표,1.17101070010037e+18,새주소,서울특별시 송파구 중대로 179,서울특별시 송파구 가락동 37,5715.0,1171062000.0,가락본동,1171010700.0,가락동,1171010700,11,710,10700,서울특별시,송파구,가락동,11
207,서울청,서울송파,문정,지구대,02-3402-6305,서울특별시 송파구 충민로2길 18,서울특별시 송파구 충민로2길 18,211156.0,441789.0,정좌표,1.17101090010841e+18,새주소,서울특별시 송파구 충민로2길 18,서울특별시 송파구 장지동 841,5816.0,1171064600.0,장지동,1171010900.0,장지동,1171010900,11,710,10900,서울특별시,송파구,장지동,11
208,서울청,서울송파,마천,파출소,02-3402-6306,서울특별시 송파구  마천로 41길 8,서울특별시 송파구  마천로 41길 8,213036.0,443879.0,정좌표,1.17101140010127e+18,새주소,서울특별시 송파구 마천로41길 8,서울특별시 송파구 마천동 127-7,5756.0,1171055000.0,마천2동,1171011400.0,마천동,1171011400,11,710,11400,서울특별시,송파구,마천동,11
209,서울청,서울송파,거여,파출소,02-3402-6307,서울특별시 송파구 새말로15길 9,서울특별시 송파구 새말로15길 9,211402.0,442559.0,정좌표,1.17101080010092e+18,새주소,서울특별시 송파구 새말로15길 9,서울특별시 송파구 문정동 92,5802.0,1171064600.0,장지동,1171010800.0,문정동,1171010800,11,710,10800,서울특별시,송파구,문정동,11
210,서울청,서울송파,풍납,파출소,02-3402-6308,서울특별시 송파구  풍성로 42,서울특별시 송파구  풍성로 42,210279.0,447996.0,정좌표,1.17101030010229e+18,새주소,서울특별시 송파구 풍성로 42,서울특별시 송파구 풍납동 229-14,5528.0,1171052000.0,풍납2동,1171010300.0,풍납동,1171010300,11,710,10300,서울특별시,송파구,풍납동,11
211,서울청,서울송파,오금,파출소,02-3402-6309,서울특별시 송파구  마천로8길 17,서울특별시 송파구  마천로8길 17,211256.0,444972.0,정좌표,1.17101120010041e+18,새주소,서울특별시 송파구 마천로8길 17,서울특별시 송파구 오금동 41-19,5659.0,1171057000.0,오금동,1171011200.0,오금동,1171011200,11,710,11200,서울특별시,송파구,오금동,11
212,서울청,서울송파,신천,파출소,02-3402-6310,서울특별시 송파구  올림픽로35길 12 ,서울특별시 송파구  올림픽로35길 12 ,209881.0,446440.0,정좌표,1.1710102001002e+18,새주소,서울특별시 송파구 올림픽로35길 12,서울특별시 송파구 신천동 20-5,5507.0,1171069000.0,잠실4동,1171010200.0,신천동,1171010200,11,710,10200,서울특별시,송파구,신천동,11
213,서울청,서울송파,위례,파출소,02-3402-6300,서울특별시 송파구 위례순환로 369,서울특별시 송파구 위례순환로 369,212810.0,441738.0,정좌표,1.17101090010889e+18,새주소,서울특별시 송파구 위례순환로 369,서울특별시 송파구 장지동 889,5851.0,1171064700.0,위례동,1171010900.0,장지동,1171010900,11,710,10900,서울특별시,송파구,장지동,11
214,서울청,서울노원,당현,지구대,02-2092-0301,서울특별시 노원구  노원로17길 64번지,서울특별시 노원구  노원로17길 64번지,205963.0,459963.0,정좌표,1.13501060010511e+18,새주소,서울특별시 노원구 노원로17길 64,서울특별시 노원구 중계동 511,1787.0,1135062500.0,중계2.3동,1135010600.0,중계동,1135010600,11,350,10600,서울특별시,노원구,중계동,8
215,서울청,서울노원,월계,지구대,02-2092-0302,서울특별시 노원구  월계로55길 58,서울특별시 노원구  월계로55길 58,205163.0,459037.0,정좌표,1.1350102001032e+18,새주소,서울특별시 노원구 월계로55길 58,서울특별시 노원구 월계동 320-5,1864.0,1135058000.0,월계3동,1135010200.0,월계동,1135010200,11,350,10200,서울특별시,노원구,월계동,8
216,서울청,서울노원,화랑,지구대,02-2092-0303,서울특별시 노원구  동일로 1034,서울특별시 노원구  동일로 1034,206518.0,457806.0,정좌표,1.13501030010567e+18,새주소,서울특별시 노원구 동일로 1034,서울특별시 노원구 공릉동 567-18,1845.0,1135059500.0,공릉1동,1135010300.0,공릉동,1135010300,11,350,10300,서울특별시,노원구,공릉동,8
217,서울청,서울노원,노원역,지구대,02-2092-0304,서울특별시 노원구 노원로431,서울특별시 노원구 노원로431,205835.0,461405.0,정좌표,1.1350105001072e+18,새주소,서울특별시 노원구 노원로 431,서울특별시 노원구 상계동 720-5,1752.0,1135069500.0,상계6.7동,1135010500.0,상계동,1135010500,11,350,10500,서울특별시,노원구,상계동,8
218,서울청,서울노원,불암,지구대,02-2092-0305,서울특별시 노원구  한글비석로 277,서울특별시 노원구  한글비석로 277,206754.0,461120.0,정좌표,1.13501060010359e+18,새주소,서울특별시 노원구 한글비석로 277,서울특별시 노원구 중계동 359-6,1713.0,1135062100.0,중계1동,1135010600.0,중계동,1135010600,11,350,10600,서울특별시,노원구,중계동,8
219,서울청,서울노원,마들,지구대,02-2092-0306,서울특별시 노원구  한글비석로 489 마들지구대,서울특별시 노원구  한글비석로 489 마들지구대,205546.0,462468.0,정좌표,1.13501050010681e+18,새주소,서울특별시 노원구 한글비석로 489,서울특별시 노원구 상계동 681,1678.0,1135071000.0,상계9동,1135010500.0,상계동,1135010500,11,350,10500,서울특별시,노원구,상계동,8
220,서울청,서울노원,당고개,파출소,02-2092-0307,서울특별시 노원구 수락산로2길 77,서울특별시 노원구 수락산로2길 77,206627.0,462744.0,정좌표,1.13501050010117e+18,새주소,서울특별시 노원구 수락산로2길 77,서울특별시 노원구 상계동 117-8,1639.0,1135066500.0,상계3.4동,1135010500.0,상계동,1135010500,11,350,10500,서울특별시,노원구,상계동,8
221,서울청,서울노원,상계1,파출소,02-2092-0308,서울특별시 노원구  동일로 1693,서울특별시 노원구  동일로 1693,204786.0,464143.0,정좌표,1.13501050011261e+18,새주소,서울특별시 노원구 동일로 1693,서울특별시 노원구 상계동 1261,1604.0,1135063000.0,상계1동,1135010500.0,상계동,1135010500,11,350,10500,서울특별시,노원구,상계동,8
222,서울청,서울방배,남태령,지구대,02-582-8410,서울특별시 서초구  동작대로 34,서울특별시 서초구  동작대로 34,198354.0,441925.0,정좌표,1.16501010010442e+18,새주소,서울특별시 서초구 동작대로 34,서울특별시 서초구 방배동 442-4,6691.0,1165061000.0,방배2동,1165010100.0,방배동,1165010100,11,650,10100,서울특별시,서초구,방배동,11
223,서울청,서울방배,서래,파출소,02-534-0116,서울특별시 서초구  신반포로 16길 15-14,서울특별시 서초구  신반포로 16길 15-14,199661.0,444433.0,정좌표,1.16501070010016e+18,새주소,서울특별시 서초구 신반포로16길 15-14,서울특별시 서초구 반포동 16-4,6549.0,1165057000.0,반포2동,1165010700.0,반포동,1165010700,11,650,10700,서울특별시,서초구,반포동,11
224,서울청,서울방배,이수,파출소,02-599-3880,서울특별시 서초구  동광로19길 38,서울특별시 서초구  동광로19길 38,198944.0,443549.0,정좌표,1.16501010010774e+18,새주소,서울특별시 서초구 동광로19길 38,서울특별시 서초구 방배동 774-9,6557.0,1165059000.0,방배본동,1165010100.0,방배동,1165010100,11,650,10100,서울특별시,서초구,방배동,11
225,서울청,서울방배,방배1,파출소,02-583-7694,서울특별시 서초구  효령로 31길 64,서울특별시 서초구  효령로 31길 64,199518.0,442418.0,정좌표,1.16501010010924e+18,새주소,서울특별시 서초구 효령로31길 64,서울특별시 서초구 방배동 924-2,6683.0,1165060000.0,방배1동,1165010100.0,방배동,1165010100,11,650,10100,서울특별시,서초구,방배동,11
226,서울청,서울은평,불광,지구대,02-350-1932,서울특별시 은평구  연서로 290,서울특별시 은평구  연서로 290,193448.0,457678.0,정좌표,1.13801030010423e+18,새주소,서울특별시 은평구 연서로 290,서울특별시 은평구 불광동 423-13,3347.0,1138053000.0,불광2동,1138010300.0,불광동,1138010300,11,380,10300,서울특별시,은평구,불광동,8
227,서울청,서울은평,연신내,지구대,02-350-1936,서울특별시 은평구  갈현로 195,서울특별시 은평구  갈현로 195,192223.0,456990.0,정좌표,1.1380104001050601e+18,새주소,서울특별시 은평구 갈현로 195,서울특별시 은평구 갈현동 506-45,3325.0,1138055200.0,갈현2동,1138010400.0,갈현동,1138010400,11,380,10400,서울특별시,은평구,갈현동,8
228,서울청,서울은평,진관,파출소,02-350-1930,서울특별시 은평구  진관3로 38 진관파출소,서울특별시 은평구  진관3로 38 진관파출소,192950.0,459735.0,정좌표,1.1380114001006801e+18,새주소,서울특별시 은평구 진관3로 38,서울특별시 은평구 진관동 68-1,3302.0,1138069000.0,진관동,1138011400.0,진관동,1138011400,11,380,11400,서울특별시,은평구,진관동,8
229,서울청,서울은평,대조,파출소,02-350-1938,서울특별시 은평구 진흥로13길3-33 (대조동),서울특별시 은평구 진흥로13길3-33 (대조동),193243.0,456260.0,정좌표,1.1380106001003301e+18,새주소,서울특별시 은평구 진흥로13길 3-33,서울특별시 은평구 대조동 33-54,3395.0,1138057000.0,대조동,1138010600.0,대조동,1138010600,11,380,10600,서울특별시,은평구,대조동,8
230,서울청,서울도봉,창동,지구대,02-2289-9813,서울특별시 도봉구 노해로 392,서울특별시 도봉구 노해로 392,204497.0,461100.0,정좌표,1.13201070010033e+18,새주소,서울특별시 도봉구 노해로 392,서울특별시 도봉구 창동 33-2,1418.0,1132051400.0,창4동,1132010700.0,창동,1132010700,11,320,10700,서울특별시,도봉구,창동,8
231,서울청,서울도봉,신창,파출소,02-2289-9823,서울특별시 도봉구  도봉로104길 49-5,서울특별시 도봉구  도봉로104길 49-5,202987.0,460128.0,정좌표,1.13201070010647e+18,새주소,서울특별시 도봉구 도봉로104길 49-5,서울특별시 도봉구 창동 647-10,1460.0,1132051200.0,창2동,1132010700.0,창동,1132010700,11,320,10700,서울특별시,도봉구,창동,8
232,서울청,서울도봉,방학,파출소,02-2289-9833,서울특별시 도봉구  도봉로145길 45 방학파출소,서울특별시 도봉구  도봉로145길 45 방학파출소,203461.0,462457.0,정좌표,1.13201060010687e+18,새주소,서울특별시 도봉구 도봉로145길 45,서울특별시 도봉구 방학동 687-3,1345.0,1132069000.0,방학1동,1132010600.0,방학동,1132010600,11,320,10600,서울특별시,도봉구,방학동,8
233,서울청,서울도봉,신방학,파출소,02-2289-9843,서울특별시 도봉구  시루봉로5길 10,서울특별시 도봉구  시루봉로5길 10,202329.0,461791.0,정좌표,1.13201060010498e+18,새주소,서울특별시 도봉구 시루봉로5길 10,서울특별시 도봉구 방학동 498-12,1362.0,1132071000.0,방학3동,1132010600.0,방학동,1132010600,11,320,10600,서울특별시,도봉구,방학동,8
234,서울청,서울도봉,도봉1,파출소,02-2289-9853,서울특별시 도봉구 도봉로169나길 4 (도봉동),서울특별시 도봉구 도봉로169나길 4 (도봉동),203759.0,464118.0,정좌표,1.13201080010594e+18,새주소,서울특별시 도봉구 도봉로169나길 4,서울특별시 도봉구 도봉동 594-24,1306.0,1132052100.0,도봉1동,1132010800.0,도봉동,1132010800,11,320,10800,서울특별시,도봉구,도봉동,8
235,서울청,서울도봉,도봉2,파출소,02-2289-9863,서울특별시 도봉구 도봉로 180나길 33,서울특별시 도봉구 도봉로 180나길 33,204277.0,464621.0,정좌표,1.13201080010069e+18,새주소,서울특별시 도봉구 도봉로180나길 33,서울특별시 도봉구 도봉동 69-2,1319.0,1132052200.0,도봉2동,1132010800.0,도봉동,1132010800,11,320,10800,서울특별시,도봉구,도봉동,8
236,서울청,서울도봉,쌍문,파출소,02-2289-9873,서울특별시 도봉구  방학로3길 132,서울특별시 도봉구  방학로3길 132,203284.0,461691.0,정좌표,1.13201050010043e+18,새주소,서울특별시 도봉구 방학로3길 132,서울특별시 도봉구 쌍문동 43-3,1394.0,1132067000.0,쌍문2동,1132010500.0,쌍문동,1132010500,11,320,10500,서울특별시,도봉구,쌍문동,8
237,서울청,서울도봉,숭미,파출소,02-2289-9883,서울특별시 도봉구  노해로 139 숭미파출소,서울특별시 도봉구  노해로 139 숭미파출소,202188.0,460571.0,정좌표,1.13201050010349e+18,새주소,서울특별시 도봉구 노해로 139,서울특별시 도봉구 쌍문동 349-34,1381.0,1132066000.0,쌍문1동,1132010500.0,쌍문동,1132010500,11,320,10500,서울특별시,도봉구,쌍문동,8
238,서울청,서울수서,도곡,지구대,02-568-2522,서울특별시 강남구  언주로 426,서울특별시 강남구  언주로 426,203795.0,444347.0,정좌표,1.16801010010711e+18,새주소,서울특별시 강남구 언주로 426,서울특별시 강남구 역삼동 711,6214.0,1168065000.0,역삼2동,1168010100.0,역삼동,1168010100,11,680,10100,서울특별시,강남구,역삼동,14
239,서울청,서울수서,대치,지구대,02-538-1312,서울특별시 강남구  삼성로 203,서울특별시 강남구  삼성로 203,205467.0,443632.0,정좌표,1.16801060010598e+18,새주소,서울특별시 강남구 삼성로 203,서울특별시 강남구 대치동 598,6280.0,1168060000.0,대치1동,1168010600.0,대치동,1168010600,11,680,10600,서울특별시,강남구,대치동,14
240,서울청,서울수서,수서,파출소,02-445-0112,서울특별시 강남구  밤고개로1길 48,서울특별시 강남구  밤고개로1길 48,209201.0,442998.0,정좌표,1.16801150010718e+18,새주소,서울특별시 강남구 밤고개로1길 48,서울특별시 강남구 수서동 718-1,6349.0,1168075000.0,수서동,1168011500.0,수서동,1168011500,11,680,11500,서울특별시,강남구,수서동,14
241,서울청,서울수서,대왕,파출소,02-3411-0323,서울특별시 강남구  헌릉로 623,서울특별시 강남구  헌릉로 623,209427.0,440338.0,정좌표,1.1680111001012001e+18,새주소,서울특별시 강남구 헌릉로 623,서울특별시 강남구 세곡동 120-9,6376.0,1168070000.0,세곡동,1168011100.0,세곡동,1168011100,11,680,11100,서울특별시,강남구,세곡동,14
242,서울청,서울수서,일원,지구대,02-3411-0112,서울특별시 강남구  일원로3길 35,서울특별시 강남구  일원로3길 35,207303.0,443360.0,정좌표,1.16801140010621e+18,새주소,서울특별시 강남구 일원로3길 35,서울특별시 강남구 일원동 621,6338.0,1168073000.0,일원1동,1168011400.0,일원동,1168011400,11,680,11400,서울특별시,강남구,일원동,14
243,서울청,서울수서,개포,지구대,02-571-0112,서울특별시 강남구  개포로 261,서울특별시 강남구  개포로 261,204456.0,441955.0,정좌표,1.16801030011268e+18,새주소,서울특별시 강남구 개포로 261,서울특별시 강남구 개포동 1268,6306.0,1168069000.0,개포4동,1168010300.0,개포동,1168010300,11,680,10300,서울특별시,강남구,개포동,14
